article/description,article/image/height,article/image/url,article/image/width,article/link,article/linkLabel,article/subtitle,article/title,author/avatar/height,author/avatar/url,author/avatar/width,author/id,author/info,author/linkedinUrl,author/name,author/publicIdentifier,author/type,author/universalName,author/urn,author/website,author/websiteLabel,content,contentAttributes/0/company/id,contentAttributes/0/company/linkedinUrl,contentAttributes/0/company/name,contentAttributes/0/hyperlink,contentAttributes/0/length,contentAttributes/0/profile/firstName,contentAttributes/0/profile/id,contentAttributes/0/profile/lastName,contentAttributes/0/profile/linkedinUrl,contentAttributes/0/profile/publicIdentifier,contentAttributes/0/start,contentAttributes/0/textLink,contentAttributes/0/type,contentAttributes/1/company/id,contentAttributes/1/company/linkedinUrl,contentAttributes/1/company/name,contentAttributes/1/hyperlink,contentAttributes/1/length,contentAttributes/1/profile/firstName,contentAttributes/1/profile/id,contentAttributes/1/profile/lastName,contentAttributes/1/profile/linkedinUrl,contentAttributes/1/profile/publicIdentifier,contentAttributes/1/start,contentAttributes/1/textLink,contentAttributes/1/type,document/coverPages/0/height,document/coverPages/0/imageUrls/0,document/coverPages/0/imageUrls/1,document/coverPages/0/imageUrls/2,document/coverPages/0/width,document/manifest/asset,document/manifest/perResolutions/0/height,document/manifest/perResolutions/0/imageManifestUrl,document/manifest/perResolutions/0/width,document/manifest/perResolutions/1/height,document/manifest/perResolutions/1/imageManifestUrl,document/manifest/perResolutions/1/width,document/manifest/perResolutions/2/height,document/manifest/perResolutions/2/imageManifestUrl,document/manifest/perResolutions/2/width,document/manifest/perResolutions/3/height,document/manifest/perResolutions/3/imageManifestUrl,document/manifest/perResolutions/3/width,document/manifest/perResolutions/4/height,document/manifest/perResolutions/4/imageManifestUrl,document/manifest/perResolutions/4/width,document/manifest/scanRequiredForDownload,document/manifest/transcribedDocumentUrl,document/manifest/transcriptManifestUrl,document/manifestUrl,document/title,document/totalPageCount,document/transcribedDocumentUrl,engagement/comments,engagement/id,engagement/likes,engagement/reactions/0/count,engagement/reactions/0/type,engagement/reactions/1/count,engagement/reactions/1/type,engagement/reactions/2/count,engagement/reactions/2/type,engagement/reactions/3/count,engagement/reactions/3/type,engagement/reactions/4/count,engagement/reactions/4/type,engagement/shares,entityId,header/image/height,header/image/url,header/image/width,header/imageLink,header/linkedinUrl,header/text,id,linkedinUrl,postImages/0/height,postImages/0/url,postImages/0/width,postImages/1/height,postImages/1/url,postImages/1/width,postImages/2/height,postImages/2/url,postImages/2/width,postImages/3/height,postImages/3/url,postImages/3/width,postImages/4/height,postImages/4/url,postImages/4/width,postImages/5/height,postImages/5/url,postImages/5/width,postImages/6/height,postImages/6/url,postImages/6/width,postImages/7/height,postImages/7/url,postImages/7/width,postedAt/date,postedAt/postedAgoShort,postedAt/postedAgoText,postedAt/timestamp,query/page,query/sessionId,query/sortBy,query/targetUrl,repostedAt/date,repostedAt/timestamp,repostedBy/linkedinUrl,repostedBy/name,repostedBy/publicIdentifier,repostedBy/universalName,shareLinkedinUrl,shareUrn,showcase/ctaLink,showcase/ctaTitle,showcase/link,showcase/picture/height,showcase/picture/url,showcase/picture/width,showcase/subtitle,showcase/title,socialContent/hideCommentAction,socialContent/hideCommentsCount,socialContent/hideReactAction,socialContent/hideReactionsCount,socialContent/hideRepostsCount,socialContent/hideSendAction,socialContent/hideShareAction,socialContent/hideSocialActivityCounts,socialContent/hideViewsCount,socialContent/shareUrl,socialContent/showContributionExperience,socialContent/showSocialDetail,socialContent/trustInterventionBanner,type
,,,,,,,,800,https://media.licdn.com/dms/image/v2/D5635AQF-KHMsuim57g/profile-framedphoto-shrink_800_800/B56Z6mbqfBJQAY-/0/1780908730865?e=1781928000&v=beta&t=wDC7hMvYvznJdYugkU5G9vYVZr-3Q9Kn_hAxKwSfGaY,800,ACoAADwbrqIBfngSSODc7yqnIwxbqFS_Pa-qR0U,Mahasiswa Sarjana Jurusan Teknik Komputer di Universitas Telkom,https://www.linkedin.com/in/muhammad-fitran-ramadhan?miniProfileUrn=urn%3Ali%3Afsd_profile%3AACoAADwbrqIBfngSSODc7yqnIwxbqFS_Pa-qR0U,Muhammad Fitran Ramadhan,muhammad-fitran-ramadhan,profile,,1008447138,,,"Summa Cum Laude 🎓✨

April 25th marks the official conclusion of an incredible journey. I am proud to share that I have graduated with a Bachelor of Engineering in Computer Engineering from Telkom University, achieving a final GPA of 3.91 and graduating Summa Cum Laude. 

These past 3.5 years have been filled with rigorous technical challenges, invaluable research opportunities, and meaningful organizational experiences. I am deeply grateful to my lecturers, mentors, family, and peers who supported me every step of the way. 

This moment is a celebration of hard work and dedication, and I look forward to applying everything I have learned to the next chapter of my professional journey.

#TelkomUniversity #Graduation2026 #ComputerEngineering #SummaCumLaude #FreshGraduate",,,,,,,,,,,,,,,,,,,,,,,,,,,,,,,,,,,,,,,,,,,,,,,,,,,,,,,2,7468758006705373184,42,40,LIKE,2,PRAISE,,,,,,,0,7468806366187593730,,,,,,,7468806366187593730,https://www.linkedin.com/posts/muhammad-fitran-ramadhan_telkomuniversity-graduation2026-computerengineering-activity-7468806366187593730-BamR,1536,https://media.licdn.com/dms/image/v2/D5622AQGGeTHaaATLyA/feedshare-image-high-res/B56Z6Zb03XGsAU-/0/1780690669798?e=1782950400&v=beta&t=aR3qhLG58JGCfqYDnSXvfcOqj1JE7tP0Y9xHFfgIY2I,1920,1536,https://media.licdn.com/dms/image/v2/D5622AQFlcBPMmx9soQ/feedshare-image-high-res/B56Z6Zb1BDHEAU-/0/1780690669949?e=1782950400&v=beta&t=27WtDJLEP2HWY_Xq5I_bn0tuIu3TXXnwdJtDfo6Yd5I,1920,1920,https://media.licdn.com/dms/image/v2/D5622AQGqMi4HquA_gA/feedshare-shrink_1280/B56Z6Zb0wvGkAM-/0/1780690668956?e=1782950400&v=beta&t=2tom1hHQSfK1pIZtQSFAKUcA15MyoB8IsftMQmZpzBk,1280,,,,,,,,,,,,,,,,2026-06-05T23:30:01.411Z,1w,1 week ago • Visible to anyone on or off LinkedIn,1780702201411,1,3bded665-ee7e-4296-af53-f1109efabe79,date,https://www.linkedin.com/in/muhammad-fitran-ramadhan/,,,,,,,https://www.linkedin.com/feed/update/urn:li:ugcPost:7468758006705373184,urn:li:ugcPost:7468758006705373184,,,,,,,,,false,false,false,false,false,true,true,false,false,https://www.linkedin.com/posts/muhammad-fitran-ramadhan_telkomuniversity-graduation2026-computerengineering-activity-7468806366187593730-BamR?,false,true,,post
,,,,,,,,800,https://media.licdn.com/dms/image/v2/D5635AQF-KHMsuim57g/profile-framedphoto-shrink_800_800/B56Z6mbqfBJQAY-/0/1780908730865?e=1781928000&v=beta&t=wDC7hMvYvznJdYugkU5G9vYVZr-3Q9Kn_hAxKwSfGaY,800,ACoAADwbrqIBfngSSODc7yqnIwxbqFS_Pa-qR0U,Mahasiswa Sarjana Jurusan Teknik Komputer di Universitas Telkom,https://www.linkedin.com/in/muhammad-fitran-ramadhan?miniProfileUrn=urn%3Ali%3Afsd_profile%3AACoAADwbrqIBfngSSODc7yqnIwxbqFS_Pa-qR0U,Muhammad Fitran Ramadhan,muhammad-fitran-ramadhan,profile,,1008447138,,,"A proud milestone at Telkom University! 🏆
I am thrilled to receive the award for Lulusan Berprestasi and the Highest GPA  for S1 Computer Engineering. 

Completing my Bachelor of Engineering has been a journey of intense technical growth. I am grateful for the environment at Telkom University that allowed me to excel both academically and through practical leadership roles. 

As I transition into the professional world, I am eager to apply my technical skills to meaningful technological developments.

#Graduation #HighestGPA #TelkomUniversity #ComputerEngineering #FTE",,,,,,,,,,,,,,,,,,,,,,,,,,,,,,,,,,,,,,,,,,,,,,,,,,,,,,,2,7457107552938631170,49,46,LIKE,3,PRAISE,,,,,,,0,7457107553718640640,,,,,,,7457107553718640640,https://www.linkedin.com/posts/muhammad-fitran-ramadhan_graduation-highestgpa-telkomuniversity-activity-7457107553718640640-Sfu4,1536,https://media.licdn.com/dms/image/v2/D5622AQHe1V_ucBiisQ/feedshare-image-high-res/B56Z3z3zJqKMAU-/0/1777912984978?e=1782950400&v=beta&t=hs6k_lyjQ39wiDqsbOtRO6i629OmxklBFfCXj7XgvPA,2048,1200,https://media.licdn.com/dms/image/v2/D5622AQHRwFOJ45G9GQ/feedshare-image-high-res/B56Z3z3y9jH4AU-/0/1777912983680?e=1782950400&v=beta&t=_iQDiXRSwIzibBZe0u7IyRlZDlJhTcS8pAnDpzaxons,1600,832,https://media.licdn.com/dms/image/v2/D5622AQEZxAJzOWa-wQ/feedshare-shrink_1280/B56Z3z3y68KcAM-/0/1777912983515?e=1782950400&v=beta&t=e-8SM85riS9NSjNpa-uvbryn8HrGZ604cp6sQYpTXhU,464,,,,,,,,,,,,,,,,2026-05-04T16:43:07.165Z,1mo,1 month ago • Visible to anyone on or off LinkedIn,1777912987165,1,3bded665-ee7e-4296-af53-f1109efabe79,date,https://www.linkedin.com/in/muhammad-fitran-ramadhan/,,,,,,,https://www.linkedin.com/feed/update/urn:li:ugcPost:7457107552938631170,urn:li:ugcPost:7457107552938631170,,,,,,,,,false,false,false,false,false,true,true,false,false,https://www.linkedin.com/posts/muhammad-fitran-ramadhan_graduation-highestgpa-telkomuniversity-activity-7457107553718640640-Sfu4?,false,true,,post
,,,,,,,,800,https://media.licdn.com/dms/image/v2/D5635AQF-KHMsuim57g/profile-framedphoto-shrink_800_800/B56Z6mbqfBJQAY-/0/1780908730865?e=1781928000&v=beta&t=wDC7hMvYvznJdYugkU5G9vYVZr-3Q9Kn_hAxKwSfGaY,800,ACoAADwbrqIBfngSSODc7yqnIwxbqFS_Pa-qR0U,Mahasiswa Sarjana Jurusan Teknik Komputer di Universitas Telkom,https://www.linkedin.com/in/muhammad-fitran-ramadhan?miniProfileUrn=urn%3Ali%3Afsd_profile%3AACoAADwbrqIBfngSSODc7yqnIwxbqFS_Pa-qR0U,Muhammad Fitran Ramadhan,muhammad-fitran-ramadhan,profile,,1008447138,,,"Seeing the impact of research in real-time. 📈

I’m thrilled to see that my research papers have reached over 950 reads on ResearchGate! As a Computer Engineering student at Telkom University, I’ve focused my work on Machine Learning and Statistics. Seeing this level of engagement from the global research community is motivating.

I’ve just updated my ResearchGate profile with my latest publications.

You can read and download my full papers here: https://lnkd.in/gFaSHQhW

#ResearchGate #ComputerEngineering #MachineLearning #IoT #Statistic #TelkomUniversity #AcademicImpact",,,,,,,,,,,,,,,,,,,,,,,,,,,,,,,,,,,,,,,,,,,,,,,,,,,,,,,0,7441623505223430144,18,16,LIKE,2,PRAISE,,,,,,,0,7441623505223430144,,,,,,,7441623505223430144,https://www.linkedin.com/posts/muhammad-fitran-ramadhan_researchgate-computerengineering-machinelearning-activity-7441623505223430144-bNqs,401,https://media.licdn.com/dms/image/v2/D5622AQGDn7DPhMXKKA/feedshare-shrink_800/B56ZyyRSlWG4Ag-/0/1772517403163?e=1782950400&v=beta&t=qu68No37GUk2s520Fmtn5i8u57QgQM-IkvOltT5yP8Y,759,,,,,,,,,,,,,,,,,,,,,,2026-03-22T23:15:02.324Z,2mo,2 months ago • Visible to anyone on or off LinkedIn,1774221302324,1,3bded665-ee7e-4296-af53-f1109efabe79,date,https://www.linkedin.com/in/muhammad-fitran-ramadhan/,,,,,,,https://www.linkedin.com/feed/update/urn:li:share:7434476837843636224,urn:li:share:7434476837843636224,,,,,,,,,false,false,false,false,false,true,true,false,false,https://www.linkedin.com/posts/muhammad-fitran-ramadhan_researchgate-computerengineering-machinelearning-activity-7441623505223430144-bNqs?,false,true,,post
,,,,,,,,800,https://media.licdn.com/dms/image/v2/D5635AQF-KHMsuim57g/profile-framedphoto-shrink_800_800/B56Z6mbqfBJQAY-/0/1780908730865?e=1781928000&v=beta&t=wDC7hMvYvznJdYugkU5G9vYVZr-3Q9Kn_hAxKwSfGaY,800,ACoAADwbrqIBfngSSODc7yqnIwxbqFS_Pa-qR0U,Mahasiswa Sarjana Jurusan Teknik Komputer di Universitas Telkom,https://www.linkedin.com/in/muhammad-fitran-ramadhan?miniProfileUrn=urn%3Ali%3Afsd_profile%3AACoAADwbrqIBfngSSODc7yqnIwxbqFS_Pa-qR0U,Muhammad Fitran Ramadhan,muhammad-fitran-ramadhan,profile,,1008447138,,,"I’ve officially created my own profile on Google Scholar! 🎓

I just dedicated space to centralize my academic research and publications. It’s been an exciting process documenting my work. 🛠️

Check out my profile and research here: https://lnkd.in/gzAGY6mn

#ComputerEngineering #Research #GoogleScholar #TelkomUniversity #MachineLearning",,,,,,,,,,,,,,,,,,,,,,,,,,,,,,,,,,,,,,,,,,,,,,,,,,,,,,,0,7439086784812298240,26,26,LIKE,,,,,,,,,0,7439086784812298240,,,,,,,7439086784812298240,https://www.linkedin.com/posts/muhammad-fitran-ramadhan_computerengineering-research-googlescholar-activity-7439086784812298240-OtAl,534,https://media.licdn.com/dms/image/v2/D5622AQHciq-QgtNuxw/feedshare-image-high-res/B56ZyyNIG8J0AY-/0/1772516311713?e=1782950400&v=beta&t=1JBfeQJalkWiTqpHNdJ9NJMv7hFM4odjbfYjqQxTLxI,875,,,,,,,,,,,,,,,,,,,,,,2026-03-15T23:15:01.048Z,2mo,2 months ago • Visible to anyone on or off LinkedIn,1773616501048,1,3bded665-ee7e-4296-af53-f1109efabe79,date,https://www.linkedin.com/in/muhammad-fitran-ramadhan/,,,,,,,https://www.linkedin.com/feed/update/urn:li:share:7434472259760730113,urn:li:share:7434472259760730113,,,,,,,,,false,false,false,false,false,true,true,false,false,https://www.linkedin.com/posts/muhammad-fitran-ramadhan_computerengineering-research-googlescholar-activity-7439086784812298240-OtAl?,false,true,,post
,,,,,,,,800,https://media.licdn.com/dms/image/v2/D5635AQF-KHMsuim57g/profile-framedphoto-shrink_800_800/B56Z6mbqfBJQAY-/0/1780908730865?e=1781928000&v=beta&t=wDC7hMvYvznJdYugkU5G9vYVZr-3Q9Kn_hAxKwSfGaY,800,ACoAADwbrqIBfngSSODc7yqnIwxbqFS_Pa-qR0U,Mahasiswa Sarjana Jurusan Teknik Komputer di Universitas Telkom,https://www.linkedin.com/in/muhammad-fitran-ramadhan?miniProfileUrn=urn%3Ali%3Afsd_profile%3AACoAADwbrqIBfngSSODc7yqnIwxbqFS_Pa-qR0U,Muhammad Fitran Ramadhan,muhammad-fitran-ramadhan,profile,,1008447138,,,"📖 Advancing PHM: New Research Published in ETASR journal (Q2)

I am incredibly proud to share that my latest research, ""Machine Learning for Covariate-Driven Changes in Weibull Scale Parameter,"" has been published in Engineering, Technology & Applied Science Research (ETASR).

Our research addresses a critical gap in Prognostics and Health Management (PHM): the limitations of rigid, linear assumptions in traditional survival models.
Key Technical Highlights:
1. Methodology: We developed a framework that links Weibull parameters directly to sensor data using ensemble-based ML.
2. Novel Metrics: Beyond standard RMSE, we introduced ""Weibull-centric"" error metrics (MWE and MQWE) to better evaluate failure curve accuracy.
3. Top Performance: LightGBM emerged as the most precise model, achieving minimal value across all error metrics.

A massive thanks to my co-authors and mentors at Telkom University for the support!

🔗 Read the full paper: https://lnkd.in/gP-uTKKE

#MachineLearning #Calculus #PredictiveMaintenance #DataScience Tagar
#EngineeringInnovation #TelkomUniversity",,,,,,,,,,,,,,,,,,,,,,,,,,,1929,https://media.licdn.com/dms/image/v2/D561FAQHgUjSgtlnW6Q/feedshare-document-cover-images_1920/B56Zyt1uBAKkBU-/0/1772443067532?e=1781928000&v=beta&t=WnTC-G_5WKXmxBk2rs1HoI14sGM4sl_1EQTfnJdo2C4,https://media.licdn.com/dms/image/v2/D561FAQHgUjSgtlnW6Q/feedshare-document-cover-images_1920/B56Zyt1uBAKkBU-/1/1772443067532?e=1781928000&v=beta&t=PZFfOyQfwhUjzrRHrsR-bzE25aAxiNulxjfjcH00z4k,https://media.licdn.com/dms/image/v2/D561FAQHgUjSgtlnW6Q/feedshare-document-cover-images_1920/B56Zyt1uBAKkBU-/2/1772443067532?e=1781928000&v=beta&t=vT7rMnzur0QqOqiDwpw4h2IFUbgRQlwHjZHS7OuQrPI,1363,urn:li:digitalmediaAsset:D561FAQHgUjSgtlnW6Q,163,https://media.licdn.com/dms/document/pl/v2/D561FAQHgUjSgtlnW6Q/feedshare-document-images_160/B56Zyt1uBAKkAg-/0/1772443067909?e=1782345600&v=beta&t=-UGz0uskH3UhprhlcSQjJ1OHM44StchBOSNl7b76i3Q,115,806,https://media.licdn.com/dms/document/pl/v2/D561FAQHgUjSgtlnW6Q/feedshare-document-images_800/B56Zyt1uBAKkAo-/0/1772443067909?e=1782345600&v=beta&t=O1bI9yu5VXqV6Gk2G-Pt65sN2DxFMGNvYNpcKVT0Y6E,570,1929,https://media.licdn.com/dms/document/pl/v2/D561FAQHgUjSgtlnW6Q/feedshare-document-images_1920/B56Zyt1uBAKkAs-/0/1772443067909?e=1782345600&v=beta&t=Nzk2qG3XhWeKnqH7rqRy_aSFpTu586bzBTHHttcomN8,1363,491,https://media.licdn.com/dms/document/pl/v2/D561FAQHgUjSgtlnW6Q/feedshare-document-images_480/B56Zyt1uBAKkAk-/0/1772443067909?e=1782345600&v=beta&t=AVlfQ6B5poWx1Zz_oACpbg72K59kyMdMMZ5HP4znQBk,347,1286,https://media.licdn.com/dms/document/pl/v2/D561FAQHgUjSgtlnW6Q/feedshare-document-images_1280/B56Zyt1uBAKkAU-/0/1772443067909?e=1782345600&v=beta&t=y5OBYTyjOuxHCtEBvPr3UHWh4HdR85SJCok8Q1Qwhx4,909,true,https://media.licdn.com/dms/document/media/v2/D561FAQHgUjSgtlnW6Q/feedshare-document-pdf-analyzed/B56Zyt1uBAKkAc-/0/1772443067909?e=1782345600&v=beta&t=fmGxRRfTzcoTgShzh1br4bYAWGtHoUb7awiv9xe7ROQ,https://media.licdn.com/dms/document/media/v2/D561FAQHgUjSgtlnW6Q/feedshare-document-transcript/B56Zyt1uBAKkA4-/0/1772443067909?e=1782345600&v=beta&t=8rtNR2UdLP6O54c7-QTQ4WGqhTU-DvJlRMlFmgE17lI,https://media.licdn.com/dms/document/pl/v2/D561FAQHgUjSgtlnW6Q/feedshare-document-master-manifest/B56Zyt1uBAKkBc-/0/1772443067909?e=1781928000&v=beta&t=0ukbWWAW7p6ye7lyqcTbFSEs_v_KAQ8xNM-4s-U7d9Q,published_etasr,7,https://media.licdn.com/dms/document/media/v2/D561FAQHgUjSgtlnW6Q/feedshare-document-chunked-pdf/B56Zyt1uBAKkBo-/0/1772443067532?e=1781928000&v=beta&t=D3VZKQ8-lGrD8p-l3BjcEU5jlnjk7jOy4JhqnyL1Dgg,0,7434165192403582976,14,14,LIKE,,,,,,,,,0,7436550071263055872,,,,,,,7436550071263055872,https://www.linkedin.com/posts/muhammad-fitran-ramadhan_publishedetasr-activity-7436550071263055872-GCtP,,,,,,,,,,,,,,,,,,,,,,,,,2026-03-08T23:15:01.408Z,3mo,3 months ago • Visible to anyone on or off LinkedIn,1773011701408,1,3bded665-ee7e-4296-af53-f1109efabe79,date,https://www.linkedin.com/in/muhammad-fitran-ramadhan/,,,,,,,https://www.linkedin.com/feed/update/urn:li:ugcPost:7434165192403582976,urn:li:ugcPost:7434165192403582976,,,,,,,,,false,false,false,false,false,true,true,false,false,https://www.linkedin.com/posts/muhammad-fitran-ramadhan_publishedetasr-activity-7436550071263055872-GCtP?,false,true,,post
,,,,,,,,800,https://media.licdn.com/dms/image/v2/D5635AQF-KHMsuim57g/profile-framedphoto-shrink_800_800/B56Z6mbqfBJQAY-/0/1780908730865?e=1781928000&v=beta&t=wDC7hMvYvznJdYugkU5G9vYVZr-3Q9Kn_hAxKwSfGaY,800,ACoAADwbrqIBfngSSODc7yqnIwxbqFS_Pa-qR0U,Mahasiswa Sarjana Jurusan Teknik Komputer di Universitas Telkom,https://www.linkedin.com/in/muhammad-fitran-ramadhan?miniProfileUrn=urn%3Ali%3Afsd_profile%3AACoAADwbrqIBfngSSODc7yqnIwxbqFS_Pa-qR0U,Muhammad Fitran Ramadhan,muhammad-fitran-ramadhan,profile,,1008447138,,,"📜 New Publication: IEEE Xplore!

I’m excited to share that my research paper from the ICICYTA 2025 conference is now officially added to IEEE Xplore!

This project was a deep dive into the world of Prognostics and Health Management (PHM). By evaluating twelve unique preprocessing pipelines against three regressors, I aimed to find the most reliable way to predict the remaining life of aircraft engines to enhance operational safety.

Check out the paper on IEEE Xplore
DOI: 10.1109/ICICyTA68677.2025.11362466

Watch my pre-recorded session
YouTube: https://lnkd.in/g35RWDr6

#IEEE #ResearchPublication #ComputerEngineering #ICICYTA #AircraftMaintenance #ML #CareerMilestone",7034,https://www.linkedin.com/company/ieee/,IEEE,,4,,,,,,460,,COMPANY_NAME,,,,,,,,,,,,,,1253,https://media.licdn.com/dms/image/v2/D561FAQF1ANnQH2PHHw/feedshare-document-cover-images_1920/B56ZytryEJIYBU-/0/1772440463396?e=1781928000&v=beta&t=Mnt_TJJXGL_CtryR-H_hSFUIyCAmXwKv_YkrBHxJhLg,,,1920,urn:li:digitalmediaAsset:D561FAQF1ANnQH2PHHw,1253,https://media.licdn.com/dms/document/pl/v2/D561FAQF1ANnQH2PHHw/feedshare-document-images_1920/B56ZytryEJIYAs-/0/1772440463440?e=1782345600&v=beta&t=Brit_j8iesyClC6ku2-pg0f703tY-DouQ3KI9tL2mHE,1920,317,https://media.licdn.com/dms/document/pl/v2/D561FAQF1ANnQH2PHHw/feedshare-document-images_480/B56ZytryEJIYAk-/0/1772440463440?e=1782345600&v=beta&t=p8vcD7v5rjaufAW32IbtOPqynQEosFnC5ZJqXvSpCxY,486,109,https://media.licdn.com/dms/document/pl/v2/D561FAQF1ANnQH2PHHw/feedshare-document-images_160/B56ZytryEJIYAg-/0/1772440463440?e=1782345600&v=beta&t=bdnw4bjxgDtDERkO9S42t3uW0_28y5PinrcXYzFaY94,167,525,https://media.licdn.com/dms/document/pl/v2/D561FAQF1ANnQH2PHHw/feedshare-document-images_800/B56ZytryEJIYAo-/0/1772440463440?e=1782345600&v=beta&t=-ChMJLgtgwlIhrFsqkTUJGfL_U_Xffsbp5_-Em7L15M,804,837,https://media.licdn.com/dms/document/pl/v2/D561FAQF1ANnQH2PHHw/feedshare-document-images_1280/B56ZytryEJIYAU-/0/1772440463440?e=1782345600&v=beta&t=v4ERXx5tGZn2m8VAD2YELVHTFIUmNNtFfndxHvEP_R4,1282,true,https://media.licdn.com/dms/document/media/v2/D561FAQF1ANnQH2PHHw/feedshare-document-pdf-analyzed/B56ZytryEJIYAc-/0/1772440463440?e=1782345600&v=beta&t=Fj2lH_Jo11x6ENJlDRj_eLyDpx3IAg_miHoB4RAc5pM,https://media.licdn.com/dms/document/media/v2/D561FAQF1ANnQH2PHHw/feedshare-document-transcript/B56ZytryEJIYA4-/0/1772440463440?e=1782345600&v=beta&t=4jXQQklZ6frKVo_uztCrj-Wmd0-bnPTZ55hg89W29AA,https://media.licdn.com/dms/document/pl/v2/D561FAQF1ANnQH2PHHw/feedshare-document-master-manifest/B56ZytryEJIYBc-/0/1772440463440?e=1781928000&v=beta&t=e7ZJaXCqpoTIHoMlFnAbUOX9CeZTdkVhCFV0Dd1agNE,certificate_of_appreciation,1,https://media.licdn.com/dms/document/media/v2/D561FAQF1ANnQH2PHHw/feedshare-document-chunked-pdf/B56ZytryEJIYBo-/0/1772440462981?e=1781928000&v=beta&t=PMkagf4Dw6XefF-JYZiFhVlyfOwOot8rHknHXhh116A,0,7434155349114523648,10,10,LIKE,,,,,,,,,0,7434155350309785600,,,,,,,7434155350309785600,https://www.linkedin.com/posts/muhammad-fitran-ramadhan_certificateofappreciation-activity-7434155350309785600-QSlp,,,,,,,,,,,,,,,,,,,,,,,,,2026-03-02T08:39:15.441Z,3mo,3 months ago • Edited • Visible to anyone on or off LinkedIn,1772440755441,1,3bded665-ee7e-4296-af53-f1109efabe79,date,https://www.linkedin.com/in/muhammad-fitran-ramadhan/,,,,,,,https://www.linkedin.com/feed/update/urn:li:ugcPost:7434155349114523648,urn:li:ugcPost:7434155349114523648,,,,,,,,,false,false,false,false,false,true,true,false,false,https://www.linkedin.com/posts/muhammad-fitran-ramadhan_certificateofappreciation-activity-7434155350309785600-QSlp?,false,true,,post
,,,,,,,,800,https://media.licdn.com/dms/image/v2/D5635AQF-KHMsuim57g/profile-framedphoto-shrink_800_800/B56Z6mbqfBJQAY-/0/1780908730865?e=1781928000&v=beta&t=wDC7hMvYvznJdYugkU5G9vYVZr-3Q9Kn_hAxKwSfGaY,800,ACoAADwbrqIBfngSSODc7yqnIwxbqFS_Pa-qR0U,Mahasiswa Sarjana Jurusan Teknik Komputer di Universitas Telkom,https://www.linkedin.com/in/muhammad-fitran-ramadhan?miniProfileUrn=urn%3Ali%3Afsd_profile%3AACoAADwbrqIBfngSSODc7yqnIwxbqFS_Pa-qR0U,Muhammad Fitran Ramadhan,muhammad-fitran-ramadhan,profile,,1008447138,,,"📝 Research Project: Machine Learning for Remaining Useful Life (RUL) Estimation
During this six-week Work Practice (Kerja Praktik) at Telkom University Language Center, I was actively involved in a research project focusing on the intersection of Machine Learning and Survival Analysis. The core goal was to develop a model for estimating the Remaining Useful Life (RUL) of systems by quantifying how covariates drive changes in the Weibull Scale Parameter.

My specific contributions included
🧠 Model Implementation & Comparison:
- Implemented various Machine Learning models, including Random Forest, XGBoost, Linear Regression, SVM, and LightGBM, to predict the influence of covariates (operational settings and sensor measurements) on the Weibull scale parameter.
- Applied classic statistical methods, namely Maximum Likelihood Estimation (MLE) and Ordinary Least Square (OLS), to estimate the Weibull distribution parameters and regression coefficients.
- Utilized classical regression models such as Accelerated Failure Time (AFT) and Proportional Hazard (PH) as benchmarks against the machine learning methods.
📊 Data Analysis and Preprocessing:
- Conducted data preprocessing on the C-MAPSS dataset, which simulates realistic turbofan engine data.
- Calculated RUL and cycle for each unit within the dataset.
- Employed foundational knowledge from multiple courses, including Artificial Intelligence, Machine Learning, Big Data, Calculus, Linear Algebra, and Probability and Statistics, to build the mathematical models and analyze data.
✨ Innovation and Evaluation:
- Developed and applied custom model evaluation metrics, the ""Weibull Error"" and ""Quadratic Weibull Error,"" to complement standard metrics (MAE, RMSE, R2) for a more relevant measure of model performance within the Weibull Distribution context.
- Utilized Python and Google Colab to implement all statistical and machine learning models for estimation and analysis.

#MachineLearning #DataScience #RUL #PredictiveMaintenance #WeibullAnalysis #SurvivalAnalysis #XGBoost #Python #MLE #StatisticalModeling #ComputerEngineering #ResearchScholar",,,,,,,,,,,,,,,,,,,,,,,,,,,,,,,,,,,,,,,,,,,,,,,,,,,,,,,0,7399675684018712576,42,42,LIKE,,,,,,,,,0,7402115668613259264,,,,,,,7402115668613259264,https://www.linkedin.com/posts/muhammad-fitran-ramadhan_machinelearning-datascience-rul-activity-7402115668613259264-39vl,1706,https://media.licdn.com/dms/image/v2/D5622AQFKOjKcsIuvzA/feedshare-shrink_1280/B56ZrDt0MPJUAs-/0/1764220161092?e=1782950400&v=beta&t=d5HK-Kn1QyLwiR_UkVR14Q_zU_1_V0NvVLdSW1CMbdc,1280,1280,https://media.licdn.com/dms/image/v2/D5622AQHzlrPqFntN3A/feedshare-shrink_800/B56ZrDt0L5JwAg-/0/1764220159339?e=1782950400&v=beta&t=xvNb-rpbQxs8MWDOGB91OgA_QKodj1KT9lRbAnCClNo,720,1536,https://media.licdn.com/dms/image/v2/D5622AQHNON8BeyE0vg/feedshare-image-high-res/B56ZrDt0OdG0As-/0/1764220161241?e=1782950400&v=beta&t=2axyLr-jcOtSNM8Wl8EP8nStm9Z7xjJ96hbhzczm5-A,2048,,,,,,,,,,,,,,,,2025-12-03T22:45:00.056Z,6mo,6 months ago • Visible to anyone on or off LinkedIn,1764801900056,1,3bded665-ee7e-4296-af53-f1109efabe79,date,https://www.linkedin.com/in/muhammad-fitran-ramadhan/,,,,,,,https://www.linkedin.com/feed/update/urn:li:ugcPost:7399675684018712576,urn:li:ugcPost:7399675684018712576,,,,,,,,,false,false,false,false,false,true,true,false,false,https://www.linkedin.com/posts/muhammad-fitran-ramadhan_machinelearning-datascience-rul-activity-7402115668613259264-39vl?,false,true,,post
,,,,,,,,800,https://media.licdn.com/dms/image/v2/D5635AQF-KHMsuim57g/profile-framedphoto-shrink_800_800/B56Z6mbqfBJQAY-/0/1780908730865?e=1781928000&v=beta&t=wDC7hMvYvznJdYugkU5G9vYVZr-3Q9Kn_hAxKwSfGaY,800,ACoAADwbrqIBfngSSODc7yqnIwxbqFS_Pa-qR0U,Mahasiswa Sarjana Jurusan Teknik Komputer di Universitas Telkom,https://www.linkedin.com/in/muhammad-fitran-ramadhan?miniProfileUrn=urn%3Ali%3Afsd_profile%3AACoAADwbrqIBfngSSODc7yqnIwxbqFS_Pa-qR0U,Muhammad Fitran Ramadhan,muhammad-fitran-ramadhan,profile,,1008447138,,,"Excited to share that I successfully passed both the English Proficiency Test (EPrT) and the English Communicative Competence Test (ECCT).

- EPrT Score: 543, achieving the B2 (Upper-Intermediate) level  in foundational skills (Listening, Grammar, and Reading).
- ECCT Score: 3.5, securing the Low-Advanced Level  in communicative skills (Pronunciation, Vocabulary, and Flow of Speech).

This certifies my ability to use English effectively for both academic and professional purposes, with a high degree of fluency and spontaneity. Ready to bring these skills to new challenges!

#EPrT #ECCT #LanguageGoals #CareerGrowth #EnglishSkills #MuhammadFitranRamadhan",,,,,,,,,,,,,,,,,,,,,,,,,,,1364,https://media.licdn.com/dms/image/v2/D561FAQGG43izGysHyQ/feedshare-document-cover-images_1920/B56ZrDdtczJUAw-/0/1764215940303?e=1781928000&v=beta&t=fEM7Z-X0T8tRxLQRX0TX7BXSIinClJrQ4b2x2XawR9U,https://media.licdn.com/dms/image/v2/D561FAQGG43izGysHyQ/feedshare-document-cover-images_1920/B56ZrDdtczJUAw-/1/1764215940303?e=1781928000&v=beta&t=zUoZxOXU0nxNJ3PQS28-jGnnJ99ej1pBiiYcr7e9sj8,https://media.licdn.com/dms/image/v2/D561FAQGG43izGysHyQ/feedshare-document-cover-images_1920/B56ZrDdtczJUAw-/2/1764215940303?e=1781928000&v=beta&t=0LuJT4voTkLJMEVu8mJfgu-FnfSSyNX3cgmOLrntJRE,1929,urn:li:digitalmediaAsset:D561FAQGG43izGysHyQ,347,https://media.licdn.com/dms/document/pl/v2/D561FAQGG43izGysHyQ/feedshare-document-images_480/B56ZrDdtczJUAg-/0/1764215940392?e=1782345600&v=beta&t=1XwCsoD1SJgJDu_-8ydDyRtr7q2okBgpjDZpOCNqOFw,491,1364,https://media.licdn.com/dms/document/pl/v2/D561FAQGG43izGysHyQ/feedshare-document-images_1920/B56ZrDdtczJUAU-/0/1764215940392?e=1782345600&v=beta&t=CfJsgf7AYma2TmY1wHHNEv3d2VjIUmsLimFP10QMGY4,1929,115,https://media.licdn.com/dms/document/pl/v2/D561FAQGG43izGysHyQ/feedshare-document-images_160/B56ZrDdtczJUAo-/0/1764215940392?e=1782345600&v=beta&t=DFNCYKqz9NS8OfdzFHlQkyGjp1-sAEcTSwumti5QqV0,163,909,https://media.licdn.com/dms/document/pl/v2/D561FAQGG43izGysHyQ/feedshare-document-images_1280/B56ZrDdtczJUAs-/0/1764215940392?e=1782345600&v=beta&t=Cfx2W9ZtQcUqUKwvMiiRTHMjRQxFp51h6TtSllmmgO8,1286,570,https://media.licdn.com/dms/document/pl/v2/D561FAQGG43izGysHyQ/feedshare-document-images_800/B56ZrDdtczJUAc-/0/1764215940392?e=1782345600&v=beta&t=wEweN8sdXEiA7jInjBhZ9svPvx1Zv8SabFo1KOoE5O0,806,true,https://media.licdn.com/dms/document/media/v2/D561FAQGG43izGysHyQ/feedshare-document-pdf-analyzed/B56ZrDdtczJUAY-/0/1764215940392?e=1782345600&v=beta&t=pRkXfkRj0nTdkhOTZG1SAHRlqsBIjOMPS_UHqP-MluU,https://media.licdn.com/dms/document/media/v2/D561FAQGG43izGysHyQ/feedshare-document-transcript/B56ZrDdtczJUA4-/0/1764215940392?e=1782345600&v=beta&t=QeC1GWJmXWXTTHFZ5_f8-k3aCd4HfZQFgPWwNj12DB4,https://media.licdn.com/dms/document/pl/v2/D561FAQGG43izGysHyQ/feedshare-document-master-manifest/B56ZrDdtczJUBc-/0/1764215940392?e=1781928000&v=beta&t=Fm9r5yP5lbcvq1WpQhF4STDjFzojuAKoAhQcHPLXdhw,eprt_ecct_2025,4,https://media.licdn.com/dms/document/media/v2/D561FAQGG43izGysHyQ/feedshare-document-url-metadata-scrapper-pdf/B56ZrDdtczJUA0-/0/1764215939477?e=1781928000&v=beta&t=QADoKf1L8PG3T2yWNJLZhDlGumVk0ICDOVv1XLfVqKU,0,7399658204210855936,17,17,LIKE,,,,,,,,,0,7399658205204766720,,,,,,,7399658205204766720,https://www.linkedin.com/posts/muhammad-fitran-ramadhan_eprtecct2025-activity-7399658205204766720-eEFn,,,,,,,,,,,,,,,,,,,,,,,,,2025-11-27T03:59:55.122Z,6mo,6 months ago • Visible to anyone on or off LinkedIn,1764215995122,1,3bded665-ee7e-4296-af53-f1109efabe79,date,https://www.linkedin.com/in/muhammad-fitran-ramadhan/,,,,,,,https://www.linkedin.com/feed/update/urn:li:ugcPost:7399658204210855936,urn:li:ugcPost:7399658204210855936,,,,,,,,,false,false,false,false,false,true,true,false,false,https://www.linkedin.com/posts/muhammad-fitran-ramadhan_eprtecct2025-activity-7399658205204766720-eEFn?,false,true,,post
,,,,,,,,800,https://media.licdn.com/dms/image/v2/D5603AQHDFr1DVRg4yw/profile-displayphoto-shrink_800_800/B56ZWECji3GUAc-/0/1741677017976?e=1782950400&v=beta&t=q-FThlmQoa_xYqxfzPlBTZi7b-eSJWD1flSTqGvZoc8,800,ACoAAEEEeWMBIAA8ROFwzMDgXkEFCZmDTuQNNBI,Undergraduate Computer Engineering at Telkom University | Assistant at Electronics and Intelligence Robotics Research Group,https://www.linkedin.com/in/zahranicahyapriesa?miniProfileUrn=urn%3Ali%3Afsd_profile%3AACoAAEEEeWMBIAA8ROFwzMDgXkEFCZmDTuQNNBI,Zahrani cahya priesa,zahranicahyapriesa,profile,,1090812259,,,"Saya berkesempatan menjadi Ketua Pelaksana kegiatan Kunjungan Industri yang diselenggarakan oleh Himpunan Mahasiswa Teknik Komputer, Telkom University. Dalam kegiatan ini, kami melakukan kunjungan industri ke PT PRIVY, perusahaan yang merevolusi cara orang diidentifikasi secara digital dan melakukan transaksi online.

Privy memperkenalkan kami pada pentingnya Identitas Digital dan Tanda Tangan Digital sebagai fondasi utama dalam membangun ekosistem transaksi online yang sehat dan aman. Pengalaman ini membuka wawasan baru terkait dunia teknologi, khususnya dalam bidang keamanan identitas digital dan implementasi teknologi dalam industri👏",,,,,,,,,,,,,,,,,,,,,,,,,,,,,,,,,,,,,,,,,,,,,,,,,,,,,,,0,7356340601040130048,14,14,LIKE,,,,,,,,,1,7359921289039368192,800,https://media.licdn.com/dms/image/v2/D5635AQF-KHMsuim57g/profile-framedphoto-shrink_800_800/B56Z6mbqfBJQAY-/0/1780908730865?e=1781928000&v=beta&t=wDC7hMvYvznJdYugkU5G9vYVZr-3Q9Kn_hAxKwSfGaY,800,https://www.linkedin.com/in/muhammad-fitran-ramadhan?miniProfileUrn=urn%3Ali%3Afsd_profile%3AACoAADwbrqIBfngSSODc7yqnIwxbqFS_Pa-qR0U,https://www.linkedin.com/feed/update/urn:li:activity:7359921289039368192?updateEntityUrn=urn%3Ali%3Afsd_update%3A%28urn%3Ali%3Aactivity%3A7359921289039368192%2CMEMBER_SHARES%2CDEBUG_REASON%2CDEFAULT%2Cfalse%29&originTrackingId=ub1RwaOfSbwzrfB3y0FBmg%3D%3D,Muhammad Fitran Ramadhan reposted this,7359921289039368192,https://www.linkedin.com/posts/zahranicahyapriesa_saya-berkesempatan-menjadi-ketua-pelaksana-ugcPost-7356340601040130048-usB1,1536,https://media.licdn.com/dms/image/v2/D5622AQFp_s7vU0Kd8Q/feedshare-image-high-res/B56Zhb4u8iG4Aw-/0/1753888266396?e=1782950400&v=beta&t=5B4P3AoGo5iWTDKT1NxKv2lzwjmvgGoyQlhxxY-gf0o,2048,1152,https://media.licdn.com/dms/image/v2/D5622AQHsRhDcarNVhQ/feedshare-image-high-res/B56Zhb4u8FH0Aw-/0/1753888266279?e=1782950400&v=beta&t=75y8yUjFacMaZ_2tXYX3JsCzvCXZLc51zM6dxyrQ-wc,2048,1152,https://media.licdn.com/dms/image/v2/D5622AQG-NlQGboXogg/feedshare-image-high-res/B56Zhb4u76HcA0-/0/1753888263289?e=1782950400&v=beta&t=l_fv9ibP0TCGa_vaaj-n2UZ6mVW88cCI9UE9b4qzzgg,2048,1151,https://media.licdn.com/dms/image/v2/D5622AQF7pZUx8K7tUg/feedshare-image-high-res/B56Zhb4u73HkAw-/0/1753888271565?e=1782950400&v=beta&t=Us6VvIWE20U_ZvtJvecr9Swbtj3DB7BxIM6UY_oaaOI,2048,,,,,,,,,,,,,2025-08-09T12:19:36.032Z,10mo,10 months ago • Edited • Visible to anyone on or off LinkedIn,1754741976032,1,3bded665-ee7e-4296-af53-f1109efabe79,date,https://www.linkedin.com/in/muhammad-fitran-ramadhan/,2025-08-09T12:19:36.032Z,1754741976032,https://www.linkedin.com/in/muhammad-fitran-ramadhan?miniProfileUrn=urn%3Ali%3Afsd_profile%3AACoAADwbrqIBfngSSODc7yqnIwxbqFS_Pa-qR0U,Muhammad Fitran Ramadhan,muhammad-fitran-ramadhan,,https://www.linkedin.com/feed/update/urn:li:ugcPost:7356340601040130048,urn:li:ugcPost:7356340601040130048,,,,,,,,,false,false,false,false,false,true,true,false,false,https://www.linkedin.com/posts/zahranicahyapriesa_saya-berkesempatan-menjadi-ketua-pelaksana-ugcPost-7356340601040130048-usB1?,false,true,,repost
,600,https://media.licdn.com/dms/image/sync/v2/D5627AQE4KGxPT075Eg/articleshare-shrink_1280_800/B56ZXvhfQXHoAQ-/0/1766032351377?e=1781928000&v=beta&t=xH4FP8yz2qJXfMD1Gne4uzXXDHoHSHxRroT_3bUD0bk,1200,https://github.com/MFitran/learning_weibull_distribution/blob/main/ProbabilityDistributions.ipynb,Open article: learning_weibull_distribution/ProbabilityDistributions.ipynb at main · MFitran/learning_weibull_distribution by github.com,github.com,learning_weibull_distribution/ProbabilityDistributions.ipynb at main · MFitran/learning_weibull_distribution,800,https://media.licdn.com/dms/image/v2/D5635AQF-KHMsuim57g/profile-framedphoto-shrink_800_800/B56Z6mbqfBJQAY-/0/1780908730865?e=1781928000&v=beta&t=wDC7hMvYvznJdYugkU5G9vYVZr-3Q9Kn_hAxKwSfGaY,800,ACoAADwbrqIBfngSSODc7yqnIwxbqFS_Pa-qR0U,Mahasiswa Sarjana Jurusan Teknik Komputer di Universitas Telkom,https://www.linkedin.com/in/muhammad-fitran-ramadhan?miniProfileUrn=urn%3Ali%3Afsd_profile%3AACoAADwbrqIBfngSSODc7yqnIwxbqFS_Pa-qR0U,Muhammad Fitran Ramadhan,muhammad-fitran-ramadhan,profile,,1008447138,,,"📊 Eksplorasi Distribusi Probabilitas: Memahami Weibull dan Distribusi Lainnya 🔍
Dalam upaya memahami Weibull Distribution, saya melakukan eksplorasi beberapa distribusi probabilitas lainnya, seperti:
 ✅ Normal Distribution – Distribusi paling umum dalam data statistik 📈
 ✅ Binomial Distribution – Model untuk kejadian diskrit dalam percobaan berulang 🎲
 ✅ Poisson Distribution – Memodelkan jumlah kejadian dalam interval waktu tertentu ⏳
 ✅ Exponential Distribution – Fokus pada waktu antara kejadian berturut-turut ⏰

Setelah memahami dasar-dasar distribusi ini, saya akhirnya menerapkan Weibull Distribution, yang sering digunakan dalam analisis keandalan, failure prediction, dan modeling life data. Saya mengimplementasikannya menggunakan Python dan melakukan berbagai simulasi untuk melihat bagaimana parameter-parameter Weibull memengaruhi bentuk distribusinya.

Eksplorasi ini memberikan wawasan mendalam tentang bagaimana distribusi probabilitas bekerja dalam berbagai konteks, terutama dalam analisis data dan machine learning. Jika ingin melihat lebih lanjut, silakan cek notebook saya di sini 📂: 
🔗 Laporan progres belajar saya: https://lnkd.in/gmqfRVvH
🔗 Repository GitHub: https://lnkd.in/g8zFvgCw

Untuk rekan yang ingin bereksperimen menerapkan Weibull Distribution pada dataset lain, terdapat file WeibullDistribution_fixed.ipynb pada tautan GitHub Repository yang dapat Anda gunakan 😃👍!

#ProbabilityDistributions #WeibullDistribution #Statistics #MachineLearning #DataScience #Python #BigData",,,,,,,,,,,,,,,,,,,,,,,,,,,,,,,,,,,,,,,,,,,,,,,,,,,,,,,0,7312688243211190272,6,6,LIKE,,,,,,,,,0,7312688243211190272,,,,,,,7312688243211190272,https://www.linkedin.com/posts/muhammad-fitran-ramadhan_learningweibulldistributionprobabilitydistributionsipynb-activity-7312688243211190272-_lXT,,,,,,,,,,,,,,,,,,,,,,,,,2025-04-01T04:12:20.359Z,1yr,1 year ago • Visible to anyone on or off LinkedIn,1743480740359,1,3bded665-ee7e-4296-af53-f1109efabe79,date,https://www.linkedin.com/in/muhammad-fitran-ramadhan/,,,,,,,https://www.linkedin.com/feed/update/urn:li:share:7312688242271666176,urn:li:share:7312688242271666176,,,,,,,,,false,false,false,false,false,true,true,false,false,https://www.linkedin.com/posts/muhammad-fitran-ramadhan_learningweibulldistributionprobabilitydistributionsipynb-activity-7312688243211190272-_lXT?,false,true,,post
,,,,,,,,800,https://media.licdn.com/dms/image/v2/D5635AQF-KHMsuim57g/profile-framedphoto-shrink_800_800/B56Z6mbqfBJQAY-/0/1780908730865?e=1781928000&v=beta&t=wDC7hMvYvznJdYugkU5G9vYVZr-3Q9Kn_hAxKwSfGaY,800,ACoAADwbrqIBfngSSODc7yqnIwxbqFS_Pa-qR0U,Mahasiswa Sarjana Jurusan Teknik Komputer di Universitas Telkom,https://www.linkedin.com/in/muhammad-fitran-ramadhan?miniProfileUrn=urn%3Ali%3Afsd_profile%3AACoAADwbrqIBfngSSODc7yqnIwxbqFS_Pa-qR0U,Muhammad Fitran Ramadhan,muhammad-fitran-ramadhan,profile,,1008447138,,,"🚀 Eksplorasi MongoDB: Instalasi, Konfigurasi, dan Operasi CRUD 📂

Saya baru saja menyelesaikan tugas yang berfokus pada pemahaman dan implementasi MongoDB, database NoSQL yang fleksibel dan scalable. Dalam tugas ini, saya menguji berbagai fitur MongoDB, mulai dari instalasi dan konfigurasi, pengelolaan dataset dalam format CSV, JSON, dan gambar (GridFS), hingga operasi CRUD (Create, Read, Update, Delete) menggunakan MongoDB Shell dan Python (pymongo).

Beberapa insight menarik yang saya dapatkan:
 ✅ Import CSV lebih efisien dibanding JSON dalam jumlah data besar.
 ✅ Query berbasis indeks jauh lebih cepat dibanding tanpa indeks.
 ✅ GridFS memerlukan chunking, sehingga berpengaruh pada performa penyimpanan gambar.
 ✅ Update dan Delete memerlukan kehati-hatian, terutama saat menggunakan `updateMany()` dan `deleteMany()`.

MongoDB menawarkan banyak keunggulan dalam pengelolaan data modern, dan pengalaman ini semakin memperdalam pemahaman saya tentang database NoSQL.

#MongoDB #BigData #CRUD #NoSQL #Database #Python #DataManagement #MongoDBCompass",,,,,,,,,,,,,,,,,,,,,,,,,,,1925,https://media.licdn.com/dms/image/v2/D561FAQFev2BEjS7ScA/feedshare-document-cover-images_1920/B56ZWnYOxyHEA4-/0/1742269908497?e=1781928000&v=beta&t=KCNwVnXrWGXif3A90wfa446gboEtjTs-OjHF0Hb__Hs,https://media.licdn.com/dms/image/v2/D561FAQFev2BEjS7ScA/feedshare-document-cover-images_1920/B56ZWnYOxyHEA4-/1/1742269908497?e=1781928000&v=beta&t=fXaS63NhNpi85b4O3E9F6LuJJe4_2uXJqy9GwN5jIxM,https://media.licdn.com/dms/image/v2/D561FAQFev2BEjS7ScA/feedshare-document-cover-images_1920/B56ZWnYOxyHEA4-/2/1742269908497?e=1781928000&v=beta&t=t33aQdWbIYmz5xCz4K-C0yRaDJjPt-zQeQQuxo6yaJc,1487,urn:li:digitalmediaAsset:D561FAQFev2BEjS7ScA,165,https://media.licdn.com/dms/document/pl/v2/D561FAQFev2BEjS7ScA/feedshare-document-images_160/B56ZWnYOxyHEAw-/0/1742269908497?e=1782345600&v=beta&t=aT6PrDK86C8prAk5mV07AjSkr-mu6GZjSIOqCX2M2zE,127,484,https://media.licdn.com/dms/document/pl/v2/D561FAQFev2BEjS7ScA/feedshare-document-images_480/B56ZWnYOxyHEAo-/0/1742269908497?e=1782345600&v=beta&t=HWSemsRIEWZ_-6_IwTsw4gG4b2zUxLkyS7ELfl1pcY8,374,1287,https://media.licdn.com/dms/document/pl/v2/D561FAQFev2BEjS7ScA/feedshare-document-images_1280/B56ZWnYOxyHEA0-/0/1742269908497?e=1782345600&v=beta&t=9q6wZu3XpMYvgfQ47ewDsqqMNmmIAY491QbnOkLYsSQ,994,802,https://media.licdn.com/dms/document/pl/v2/D561FAQFev2BEjS7ScA/feedshare-document-images_800/B56ZWnYOxyHEAk-/0/1742269908497?e=1782345600&v=beta&t=fvOHESovWMOpBjx3jqhav1wtvIwuXFPcy-slb2N-acw,620,1925,https://media.licdn.com/dms/document/pl/v2/D561FAQFev2BEjS7ScA/feedshare-document-images_1920/B56ZWnYOxyHEAc-/0/1742269908497?e=1782345600&v=beta&t=RkuoOrjswWfKnwOf3j_VJizsEY607XNPP7DD-C8dQVs,1487,true,https://media.licdn.com/dms/document/media/v2/D561FAQFev2BEjS7ScA/feedshare-document-pdf-analyzed/B56ZWnYOxyHEAg-/0/1742269908497?e=1782345600&v=beta&t=fsmSibuR18CBkcnJnV1wX6e4sdpmBw7qB2bFqsmwis8,https://media.licdn.com/dms/document/media/v2/D561FAQFev2BEjS7ScA/feedshare-document-transcript/B56ZWnYOxyHEBA-/0/1742269908497?e=1782345600&v=beta&t=NvjZaQ51jYal5fg3vqx6yu1exKwfLsdhPx8EKDngXwI,https://media.licdn.com/dms/document/pl/v2/D561FAQFev2BEjS7ScA/feedshare-document-master-manifest/B56ZWnYOxyHEBg-/0/1742269908497?e=1781928000&v=beta&t=QsuTeXDbL1xB2BDpP7GTi15hcXKADQhHj9WvMNiZy1Y,Laporan Tugas MongoDB_Instalasi Konfigurasi Operasi CRUD,15,https://media.licdn.com/dms/document/media/v2/D561FAQFev2BEjS7ScA/feedshare-document-url-metadata-scrapper-pdf/B56ZWnYOxyHEA8-/0/1742269904125?e=1781928000&v=beta&t=-hF34soux6WmGLFYJObsl8qJIHSOGozZx5NJO425soI,0,7307610246883987456,14,14,LIKE,,,,,,,,,0,7307610247827730435,,,,,,,7307610247827730435,https://www.linkedin.com/posts/muhammad-fitran-ramadhan_laporan-tugas-mongodbinstalasi-konfigurasi-activity-7307610247827730435-17gt,,,,,,,,,,,,,,,,,,,,,,,,,2025-03-18T03:54:11.915Z,1yr,1 year ago • Edited • Visible to anyone on or off LinkedIn,1742270051915,1,3bded665-ee7e-4296-af53-f1109efabe79,date,https://www.linkedin.com/in/muhammad-fitran-ramadhan/,,,,,,,https://www.linkedin.com/feed/update/urn:li:ugcPost:7307610246883987456,urn:li:ugcPost:7307610246883987456,,,,,,,,,false,false,false,false,false,true,true,false,false,https://www.linkedin.com/posts/muhammad-fitran-ramadhan_laporan-tugas-mongodbinstalasi-konfigurasi-activity-7307610247827730435-17gt?,false,true,,post
,,,,,,,,800,https://media.licdn.com/dms/image/v2/D5635AQF-KHMsuim57g/profile-framedphoto-shrink_800_800/B56Z6mbqfBJQAY-/0/1780908730865?e=1781928000&v=beta&t=wDC7hMvYvznJdYugkU5G9vYVZr-3Q9Kn_hAxKwSfGaY,800,ACoAADwbrqIBfngSSODc7yqnIwxbqFS_Pa-qR0U,Mahasiswa Sarjana Jurusan Teknik Komputer di Universitas Telkom,https://www.linkedin.com/in/muhammad-fitran-ramadhan?miniProfileUrn=urn%3Ali%3Afsd_profile%3AACoAADwbrqIBfngSSODc7yqnIwxbqFS_Pa-qR0U,Muhammad Fitran Ramadhan,muhammad-fitran-ramadhan,profile,,1008447138,,,"🗑️🤖 Inovasi dalam Kebersihan: Tempat Sampah Otomatis! 🤖🗑️
Saya senang untuk membagikan proyek ini yang berjudul ""Automatic Trash Bin""! Mengimplementasikan berbagai konsep dari mata kuliah Mikroprosesor dan Antarmuka, termasuk penggunaan register, ADC, PWM, timer, interrupt, dan komunikasi serial.

🔍 Apa yang saya lakukan?
- Menggunakan sensor ultrasonik (HC-SR04) untuk mendeteksi tangan pengguna dan membuka tutup tempat sampah secara otomatis.
- Mengontrol motor servo (SG90) dengan PWM untuk memastikan tutup tempat sampah berfungsi dengan baik.

👥 Terima kasih kepada rekan-rekan saya yang berkontribusi dalam proyek ini:
- Nur Ihsan Hidayat
- Muhammad Hafidz Darul Quro

📄 Ingin tahu lebih lanjut?
Kode Program (GitHub): https://lnkd.in/gKyYdXPi
Video Implementasi: https://lnkd.in/gZEjs7Td

#Microcontroller #Arduino #EmbeddedSystems",,,,,17,Nur Ihsan,ACoAADhL30sBQL5nISbaXUftXxhunzVaz5O1ZKI,Hidayat,https://www.linkedin.com/in/ihsanhidayaat,ihsanhidayaat,630,,PROFILE_MENTION,,,,,26,Muhammad Hafidz,ACoAADYPNOoB683srH_oQQn6H3lPOW3HxMCweE4,Darul Quro,https://www.linkedin.com/in/mhafidzdarulquro,mhafidzdarulquro,650,,PROFILE_MENTION,1080,https://media.licdn.com/dms/image/v2/D561FAQEG5LAqWJm8Gw/feedshare-document-cover-images_1920/B56ZTHsvOIHQAw-/0/1738517244485?e=1781928000&v=beta&t=JJQF_xkfkgdlepYce32UDQeMk1UaoVO0i7ds-rD33cA,https://media.licdn.com/dms/image/v2/D561FAQEG5LAqWJm8Gw/feedshare-document-cover-images_1920/B56ZTHsvOIHQAw-/1/1738517244485?e=1781928000&v=beta&t=tH5eCKz1XNM102_E9qtkK41CR7J6ETIfAtYDPVTSP6A,https://media.licdn.com/dms/image/v2/D561FAQEG5LAqWJm8Gw/feedshare-document-cover-images_1920/B56ZTHsvOIHQAw-/2/1738517244485?e=1781928000&v=beta&t=nXucISNh8T0paif_Vu6e42Ja91mQrvG8798WRGQGkwo,1920,urn:li:digitalmediaAsset:D561FAQEG5LAqWJm8Gw,90,https://media.licdn.com/dms/document/pl/v2/D561FAQEG5LAqWJm8Gw/feedshare-document-images_160/B56ZTHsvOIHQAo-/0/1738517244484?e=1782345600&v=beta&t=Zcl6iXclqUxVvsTPIU8EtRfvYAdFSqMeoUAVGzQLXlU,160,270,https://media.licdn.com/dms/document/pl/v2/D561FAQEG5LAqWJm8Gw/feedshare-document-images_480/B56ZTHsvOIHQAg-/0/1738517244484?e=1782345600&v=beta&t=oV0H4XsYfpfrM5N_pPx-LL2QJLSLArd4qTsJeyxpSXE,480,720,https://media.licdn.com/dms/document/pl/v2/D561FAQEG5LAqWJm8Gw/feedshare-document-images_1280/B56ZTHsvOIHQAs-/0/1738517244484?e=1782345600&v=beta&t=9ZJ_S5LXgFW7kQkOnbBuQwdf0UjFa7Bb6KwbuVo43W4,1280,450,https://media.licdn.com/dms/document/pl/v2/D561FAQEG5LAqWJm8Gw/feedshare-document-images_800/B56ZTHsvOIHQAc-/0/1738517244484?e=1782345600&v=beta&t=w3ACv2mKD5-yNvLGkmcKvSiRILtPJkhG78TUh7A_X9o,800,1080,https://media.licdn.com/dms/document/pl/v2/D561FAQEG5LAqWJm8Gw/feedshare-document-images_1920/B56ZTHsvOIHQAU-/0/1738517244484?e=1782345600&v=beta&t=QvOxO0D61YYlI2JEMDDYzdsPBDRQeGHukNQQQqGn5yU,1920,false,https://media.licdn.com/dms/document/media/v2/D561FAQEG5LAqWJm8Gw/feedshare-document-pdf-analyzed/B56ZTHsvOIHQAY-/0/1738517244484?e=1782345600&v=beta&t=yUZrJI5awyOR4t0puqhc0jG4GFoDeNQFJ8WnN0C0svk,https://media.licdn.com/dms/document/media/v2/D561FAQEG5LAqWJm8Gw/feedshare-document-transcript/B56ZTHsvOIHQA4-/0/1738517244484?e=1782345600&v=beta&t=TmRu3wLLYkteLSxZs7uRo2-cfMBrGyzjqfDgAEniLjk,https://media.licdn.com/dms/document/pl/v2/D561FAQEG5LAqWJm8Gw/feedshare-document-master-manifest/B56ZTHsvOIHQBY-/0/1738517244484?e=1781928000&v=beta&t=hSXFG0Lg1AptHKYkwRfHxGtRhLeaBJOKq-D38LJpD1g,Presentasi Tempat Sampah Otomatis,14,https://media.licdn.com/dms/document/media/v2/D561FAQEG5LAqWJm8Gw/feedshare-document-url-metadata-scrapper-pdf/B56ZTHsvOIHQA0-/0/1738517231569?e=1781928000&v=beta&t=IlMeR573Agd94hdrmmH-hMUIICepKMQ8h7U4XEFhFWE,1,7291880566629535746,9,9,LIKE,,,,,,,,,1,7296694782284677120,,,,,,,7296694782284677120,https://www.linkedin.com/posts/muhammad-fitran-ramadhan_presentasi-tempat-sampah-otomatis-activity-7296694782284677120-6IkK,,,,,,,,,,,,,,,,,,,,,,,,,2025-02-16T01:00:02.130Z,1yr,1 year ago • Visible to anyone on or off LinkedIn,1739667602130,1,3bded665-ee7e-4296-af53-f1109efabe79,date,https://www.linkedin.com/in/muhammad-fitran-ramadhan/,,,,,,,https://www.linkedin.com/feed/update/urn:li:ugcPost:7291880566629535746,urn:li:ugcPost:7291880566629535746,,,,,,,,,false,false,false,false,false,true,true,false,false,https://www.linkedin.com/posts/muhammad-fitran-ramadhan_presentasi-tempat-sampah-otomatis-activity-7296694782284677120-6IkK?,false,true,,post
,,,,,,,,800,https://media.licdn.com/dms/image/v2/D5635AQF-KHMsuim57g/profile-framedphoto-shrink_800_800/B56Z6mbqfBJQAY-/0/1780908730865?e=1781928000&v=beta&t=wDC7hMvYvznJdYugkU5G9vYVZr-3Q9Kn_hAxKwSfGaY,800,ACoAADwbrqIBfngSSODc7yqnIwxbqFS_Pa-qR0U,Mahasiswa Sarjana Jurusan Teknik Komputer di Universitas Telkom,https://www.linkedin.com/in/muhammad-fitran-ramadhan?miniProfileUrn=urn%3Ali%3Afsd_profile%3AACoAADwbrqIBfngSSODc7yqnIwxbqFS_Pa-qR0U,Muhammad Fitran Ramadhan,muhammad-fitran-ramadhan,profile,,1008447138,,,"🚪🔧 Menerapkan Kendali PID pada Sistem Pintu Otomatis! 🔧🚪
Saya dengan bangga mempersembahkan proyek tugas akhir saya yang berjudul ""Automatic Sliding Door PID System Control"". Dalam proyek ini, saya mengimplementasikan algoritma kendali PID untuk mengatur gerakan pintu otomatis dengan akurasi tinggi.

🔍 Apa yang saya lakukan?
Menggunakan sensor jarak untuk mendeteksi objek dan mengontrol posisi pintu secara otomatis. Menerapkan tuning PID untuk mencapai kestabilan dan responsivitas yang optimal. Menggunakan sensor laser VL53L0X V2 dalam penerapan sistem kontrol PID.

📄 Ingin tahu lebih lanjut?
Laporan Proyek: https://lnkd.in/gbsW57zb
Kode Program PID (GitHub): https://lnkd.in/gARfswVP
Video Dokumentasi: https://lnkd.in/gmydVzVZ

Saya berharap proyek ini dapat memberikan wawasan tentang penerapan sistem kendali dalam teknologi modern. Mari berdiskusi dan berbagi ide! 💡

#PIDControl #ControlSystems #Engineering #Mechatronics #Arduino #EmbeddedSystems #Robotics

💬",,,,,,,,,,,,,,,,,,,,,,,,,,,,,,,,,,,,,,,,,,,,,,,,,,,,,,,1,7291840124957380608,11,10,LIKE,1,EMPATHY,,,,,,,0,7294158063387779072,,,,,,,7294158063387779072,https://www.linkedin.com/posts/muhammad-fitran-ramadhan_pidcontrol-controlsystems-engineering-activity-7294158063387779072-1fPf,720,https://media.licdn.com/dms/image/v2/D5622AQGzIY53tB3NiQ/feedshare-shrink_1280/B56ZTHR8zDHwAk-/0/1738510159910?e=1782950400&v=beta&t=xHa2dCJjE42kKGs42ViltaO2XXGFyT4JhjGSA_bfJvI,1280,720,https://media.licdn.com/dms/image/v2/D5622AQF9647nOU0xyA/feedshare-shrink_1280/B56ZTHR8y7HQAo-/0/1738510159903?e=1782950400&v=beta&t=HbLF3RRwyNdTmveeWX48V5iyjgZcVdgJddwu2hvKHtk,1280,,,,,,,,,,,,,,,,,,,2025-02-09T01:00:01.215Z,1yr,1 year ago • Visible to anyone on or off LinkedIn,1739062801215,1,3bded665-ee7e-4296-af53-f1109efabe79,date,https://www.linkedin.com/in/muhammad-fitran-ramadhan/,,,,,,,https://www.linkedin.com/feed/update/urn:li:ugcPost:7291840124957380608,urn:li:ugcPost:7291840124957380608,,,,,,,,,false,false,false,false,false,true,true,false,false,https://www.linkedin.com/posts/muhammad-fitran-ramadhan_pidcontrol-controlsystems-engineering-activity-7294158063387779072-1fPf?,false,true,,post
,,,,,,,,800,https://media.licdn.com/dms/image/v2/D5635AQF-KHMsuim57g/profile-framedphoto-shrink_800_800/B56Z6mbqfBJQAY-/0/1780908730865?e=1781928000&v=beta&t=wDC7hMvYvznJdYugkU5G9vYVZr-3Q9Kn_hAxKwSfGaY,800,ACoAADwbrqIBfngSSODc7yqnIwxbqFS_Pa-qR0U,Mahasiswa Sarjana Jurusan Teknik Komputer di Universitas Telkom,https://www.linkedin.com/in/muhammad-fitran-ramadhan?miniProfileUrn=urn%3Ali%3Afsd_profile%3AACoAADwbrqIBfngSSODc7yqnIwxbqFS_Pa-qR0U,Muhammad Fitran Ramadhan,muhammad-fitran-ramadhan,profile,,1008447138,,,"🔍 Menyelesaikan Proyek Tugas Akhir: Sistem Fuzzy untuk Penentuan Prioritas Proyek

Saya baru saja menyelesaikan proyek tugas akhir saya yang berfokus pada penggunaan logika fuzzy dalam menentukan prioritas proyek berdasarkan anggaran, durasi, dan dampak terhadap bisnis. Proyek ini bertujuan untuk membantu perusahaan dalam pengambilan keputusan yang lebih baik di tengah ketidakpastian.

Saya berharap hasil dari proyek ini dapat memberikan wawasan baru dalam penerapan kecerdasan buatan di manajemen proyek. Terima kasih atas dukungan semua pihak yang terlibat!

Tautan kode Python (Github): https://lnkd.in/g2fHSFZm 

#ArtificialIntelligence #FuzzyLogic #Python #FinalProject",,,,,,,,,,,,,,,,,,,,,,,,,,,1929,https://media.licdn.com/dms/image/v2/D561FAQFfCKB0dOrtYQ/feedshare-document-cover-images_1920/B56ZTGVZURGoAw-/0/1738494288706?e=1781928000&v=beta&t=_Gu2ItRS7lKtOdnV_xqL96bMusL90R5HNlr9Ee4AQCU,https://media.licdn.com/dms/image/v2/D561FAQFfCKB0dOrtYQ/feedshare-document-cover-images_1920/B56ZTGVZURGoAw-/1/1738494288706?e=1781928000&v=beta&t=kYLWELRsCr3LYoD78fcbV9w3rhDYuwFp8MSohiMqyc0,https://media.licdn.com/dms/image/v2/D561FAQFfCKB0dOrtYQ/feedshare-document-cover-images_1920/B56ZTGVZURGoAw-/2/1738494288706?e=1781928000&v=beta&t=4I0FucSM6AwzDsvO7SUtF1Vp6JptiA34TYNDoF75jr8,1365,urn:li:digitalmediaAsset:D561FAQFfCKB0dOrtYQ,163,https://media.licdn.com/dms/document/pl/v2/D561FAQFfCKB0dOrtYQ/feedshare-document-images_160/B56ZTGVZURGoAo-/0/1738494288739?e=1782345600&v=beta&t=oHy81vTHMh53o5x-31_wjAx50_lBKbeniK1IKmpkuRo,115,491,https://media.licdn.com/dms/document/pl/v2/D561FAQFfCKB0dOrtYQ/feedshare-document-images_480/B56ZTGVZURGoAg-/0/1738494288739?e=1782345600&v=beta&t=pgM5w3j9CsIHc4YiixXXiLX8VAYFo2CQmbAe82BycXE,347,1286,https://media.licdn.com/dms/document/pl/v2/D561FAQFfCKB0dOrtYQ/feedshare-document-images_1280/B56ZTGVZURGoAs-/0/1738494288739?e=1782345600&v=beta&t=mRxNcEvC-wfQZPzfOV8BoxIFAWiqUn_1aQEG5d4AxeU,910,806,https://media.licdn.com/dms/document/pl/v2/D561FAQFfCKB0dOrtYQ/feedshare-document-images_800/B56ZTGVZURGoAc-/0/1738494288739?e=1782345600&v=beta&t=1ZpUiLVfs2bfgPZoTQqqIQgxPaS1pmjstVNhwkKYcOg,571,1929,https://media.licdn.com/dms/document/pl/v2/D561FAQFfCKB0dOrtYQ/feedshare-document-images_1920/B56ZTGVZURGoAU-/0/1738494288739?e=1782345600&v=beta&t=O4Vw6ndPOREx2akz0uFGhLLqlK-jwgTsVDoILfTyZhc,1365,true,https://media.licdn.com/dms/document/media/v2/D561FAQFfCKB0dOrtYQ/feedshare-document-pdf-analyzed/B56ZTGVZURGoAY-/0/1738494288739?e=1782345600&v=beta&t=f4MaATYL8U8yb7C3afquh9YNbnK75UZVmZuq1u9vmDQ,https://media.licdn.com/dms/document/media/v2/D561FAQFfCKB0dOrtYQ/feedshare-document-transcript/B56ZTGVZURGoA4-/0/1738494288739?e=1782345600&v=beta&t=IR4AWlzraXttu5tALtauLUu1dt_m4qb8KWCsvip14xU,https://media.licdn.com/dms/document/pl/v2/D561FAQFfCKB0dOrtYQ/feedshare-document-master-manifest/B56ZTGVZURGoBY-/0/1738494288739?e=1781928000&v=beta&t=5p37nAALrTQ40_P-Tr9uZV0RHCzq4S3eRPNX-nHnbA0,Sistem Fuzzy Penentuan Prioritas Proyek,4,https://media.licdn.com/dms/document/media/v2/D561FAQFfCKB0dOrtYQ/feedshare-document-url-metadata-scrapper-pdf/B56ZTGVZURGoA0-/0/1738494287546?e=1781928000&v=beta&t=9FEmGVpmJkMik3dK2HtviAPNaSap5JI2uximMcIOp9I,0,7291774681362186240,8,8,LIKE,,,,,,,,,0,7291774682368815104,,,,,,,7291774682368815104,https://www.linkedin.com/posts/muhammad-fitran-ramadhan_sistem-fuzzy-penentuan-prioritas-proyek-activity-7291774682368815104-pIV5,,,,,,,,,,,,,,,,,,,,,,,,,2025-02-02T11:09:18.899Z,1yr,1 year ago • Visible to anyone on or off LinkedIn,1738494558899,1,3bded665-ee7e-4296-af53-f1109efabe79,date,https://www.linkedin.com/in/muhammad-fitran-ramadhan/,,,,,,,https://www.linkedin.com/feed/update/urn:li:ugcPost:7291774681362186240,urn:li:ugcPost:7291774681362186240,,,,,,,,,false,false,false,false,false,true,true,false,false,https://www.linkedin.com/posts/muhammad-fitran-ramadhan_sistem-fuzzy-penentuan-prioritas-proyek-activity-7291774682368815104-pIV5?,false,true,,post
,,,,,,,,800,https://media.licdn.com/dms/image/v2/D5603AQE-pqZZ_V8q4w/profile-displayphoto-crop_800_800/B56ZjhSJDeHcAM-/0/1756126288386?e=1782950400&v=beta&t=NY85SN9G0-J-PupnA8AiSW9PQqmtsx2h9arVy659o40,800,ACoAAEeAFN8BoDvFEXlW7MxPt4Hrojn_mu2cRK0,Undergraduate Student of Accounting at Telkom University | Accounting & Corporate Governance Enthusiast | Empowering the Humanity,https://www.linkedin.com/in/arsyavaleri?miniProfileUrn=urn%3Ali%3Afsd_profile%3AACoAAEeAFN8BoDvFEXlW7MxPt4Hrojn_mu2cRK0,Arsya Valeri Zenobia,arsyavaleri,profile,,1199576287,,,"On December 8, 2024, I have completed my first period at Aksara Jurnalistik Telkom University as a staff of the Research & Development department.

It is a valuable opportunity for me to develop my skills, especially skills in writing and research. I hope that in the following year I can contribute more widely with the experience that has been collected during this 2024 period.",,,,,,,,,,,,,,,,,,,,,,,,,,,,,,,,,,,,,,,,,,,,,,,,,,,,,,,0,7272226462252830722,9,8,LIKE,1,PRAISE,,,,,,,1,7285479806601719808,800,https://media.licdn.com/dms/image/v2/D5635AQF-KHMsuim57g/profile-framedphoto-shrink_800_800/B56Z6mbqfBJQAY-/0/1780908730865?e=1781928000&v=beta&t=wDC7hMvYvznJdYugkU5G9vYVZr-3Q9Kn_hAxKwSfGaY,800,https://www.linkedin.com/in/muhammad-fitran-ramadhan?miniProfileUrn=urn%3Ali%3Afsd_profile%3AACoAADwbrqIBfngSSODc7yqnIwxbqFS_Pa-qR0U,https://www.linkedin.com/feed/update/urn:li:activity:7285479806601719808?updateEntityUrn=urn%3Ali%3Afsd_update%3A%28urn%3Ali%3Aactivity%3A7285479806601719808%2CMEMBER_SHARES%2CDEBUG_REASON%2CDEFAULT%2Cfalse%29&originTrackingId=QykhRTbUQbW70bKRGH%2BfQg%3D%3D,Muhammad Fitran Ramadhan reposted this,7285479806601719808,https://www.linkedin.com/posts/arsyavaleri_on-december-8-2024-i-have-completed-my-activity-7272226462252830722-Ljor,960,https://media.licdn.com/dms/image/v2/D5622AQEkC1672voQjQ/feedshare-image-high-res/feedshare-image-high-res/0/1733833898658?e=1782950400&v=beta&t=LcSKNgexoLiLWMXJDeDgdyDrJU7TXhIm-Zbh2RL3pXU,1706,,,,,,,,,,,,,,,,,,,,,,2025-01-16T02:15:43.563Z,1yr,1 year ago • Visible to anyone on or off LinkedIn,1736993743563,1,3bded665-ee7e-4296-af53-f1109efabe79,date,https://www.linkedin.com/in/muhammad-fitran-ramadhan/,2025-01-16T02:15:43.563Z,1736993743563,https://www.linkedin.com/in/muhammad-fitran-ramadhan?miniProfileUrn=urn%3Ali%3Afsd_profile%3AACoAADwbrqIBfngSSODc7yqnIwxbqFS_Pa-qR0U,Muhammad Fitran Ramadhan,muhammad-fitran-ramadhan,,https://www.linkedin.com/feed/update/urn:li:share:7272226461376241664,urn:li:share:7272226461376241664,,,,,,,,,false,false,false,false,false,true,true,false,false,https://www.linkedin.com/posts/arsyavaleri_on-december-8-2024-i-have-completed-my-activity-7272226462252830722-Ljor?,false,true,,repost
,,,,,,,,800,https://media.licdn.com/dms/image/v2/D5635AQF-KHMsuim57g/profile-framedphoto-shrink_800_800/B56Z6mbqfBJQAY-/0/1780908730865?e=1781928000&v=beta&t=wDC7hMvYvznJdYugkU5G9vYVZr-3Q9Kn_hAxKwSfGaY,800,ACoAADwbrqIBfngSSODc7yqnIwxbqFS_Pa-qR0U,Mahasiswa Sarjana Jurusan Teknik Komputer di Universitas Telkom,https://www.linkedin.com/in/muhammad-fitran-ramadhan?miniProfileUrn=urn%3Ali%3Afsd_profile%3AACoAADwbrqIBfngSSODc7yqnIwxbqFS_Pa-qR0U,Muhammad Fitran Ramadhan,muhammad-fitran-ramadhan,profile,,1008447138,,,Dengan senang hati saya sampaikan bahwa saya memulai posisi baru sebagai Secretary di Aksara Jurnalistik Telkom University!,65542375,https://www.linkedin.com/company/aksara-jurnalistik-telkom-university/,Aksara Jurnalistik Telkom University,,36,,,,,,86,,COMPANY_NAME,,,,,,,,,,,,,,,,,,,,,,,,,,,,,,,,,,,,,,,,,,0,7285465229688193024,16,12,LIKE,4,EMPATHY,,,,,,,0,7285465230384541696,,,,,,,7285465230384541696,https://www.linkedin.com/posts/muhammad-fitran-ramadhan_dengan-senang-hati-saya-sampaikan-bahwa-saya-activity-7285465230384541696-L0-n,,,,,,,,,,,,,,,,,,,,,,,,,2025-01-16T01:17:48.322Z,1yr,1 year ago • Visible to anyone on or off LinkedIn,1736990268322,1,3bded665-ee7e-4296-af53-f1109efabe79,date,https://www.linkedin.com/in/muhammad-fitran-ramadhan/,,,,,,,https://www.linkedin.com/feed/update/urn:li:ugcPost:7285465229688193024,urn:li:ugcPost:7285465229688193024,,,,,,,,,false,false,false,false,false,true,true,false,false,https://www.linkedin.com/posts/muhammad-fitran-ramadhan_dengan-senang-hati-saya-sampaikan-bahwa-saya-activity-7285465230384541696-L0-n?,false,true,,post
,,,,,,,,800,https://media.licdn.com/dms/image/v2/D5603AQE8sWHnIgZSsw/profile-displayphoto-crop_800_800/B56Zkxo4czKMAM-/0/1757474429825?e=1782950400&v=beta&t=-nSt7x2eNbI-0SwbtUVO-5b0EUeyKCoGLJT3n04fv7E,800,ACoAAC-7NAcBGq2phcQkNLId8xD1Qv5xDtsN2fo,"Hardware and IoT Engineer Position | Computer Engineering Graduate | Proven Skills in Embedded Systems, Digital Design & Hardware Development",https://www.linkedin.com/in/ribhigustizio?miniProfileUrn=urn%3Ali%3Afsd_profile%3AACoAAC-7NAcBGq2phcQkNLId8xD1Qv5xDtsN2fo,Ribhi Gusti Zio S.T,ribhigustizio,profile,,800797703,,,I attended the RnEST Laboratory event with the handover of the Laboratory Assistant position. During my time as a Laboratory assistant I gained a lot of experience and connections. Thank you to everyone.,,,,,,,,,,,,,,,,,,,,,,,,,,,,,,,,,,,,,,,,,,,,,,,,,,,,,,,0,7276977454626349056,26,26,LIKE,,,,,,,,,1,7279156535161696256,800,https://media.licdn.com/dms/image/v2/D5635AQF-KHMsuim57g/profile-framedphoto-shrink_800_800/B56Z6mbqfBJQAY-/0/1780908730865?e=1781928000&v=beta&t=wDC7hMvYvznJdYugkU5G9vYVZr-3Q9Kn_hAxKwSfGaY,800,https://www.linkedin.com/in/muhammad-fitran-ramadhan?miniProfileUrn=urn%3Ali%3Afsd_profile%3AACoAADwbrqIBfngSSODc7yqnIwxbqFS_Pa-qR0U,https://www.linkedin.com/feed/update/urn:li:activity:7279156535161696256?updateEntityUrn=urn%3Ali%3Afsd_update%3A%28urn%3Ali%3Aactivity%3A7279156535161696256%2CMEMBER_SHARES%2CDEBUG_REASON%2CDEFAULT%2Cfalse%29&originTrackingId=HYZYn1F%2FP2DRws1Ngrd8ng%3D%3D,Muhammad Fitran Ramadhan reposted this,7279156535161696256,https://www.linkedin.com/posts/ribhigustizio_i-attended-the-rnest-laboratory-event-with-ugcPost-7276977454626349056-u_Iq,1152,https://media.licdn.com/dms/image/v2/D5622AQGUCMeIGZ4jsA/feedshare-image-high-res/B56ZP0EW5lG4A0-/0/1734966619543?e=1782950400&v=beta&t=zPcAWMlI9bMh61eh9-CpEdg-BlU4CtsqDSAuoG5YkpY,2048,1536,https://media.licdn.com/dms/image/v2/D5622AQG4kqFgPpic9A/feedshare-image-high-res/B56ZP0EW6eGsA0-/0/1734966622389?e=1782950400&v=beta&t=QuUKqY3glIliRVepm5UcfTXmduXLO9yoq408NzeSeEo,2048,1536,https://media.licdn.com/dms/image/v2/D5622AQEbnKfHq1nYWQ/feedshare-image-high-res/B56ZP0EXFaHIA4-/0/1734966623219?e=1782950400&v=beta&t=79MqSZBatp1HBSCeFh9Amu5y8vmi4hLsqVDuMhotX_4,2048,,,,,,,,,,,,,,,,2024-12-29T15:29:18.171Z,1yr,1 year ago • Visible to anyone on or off LinkedIn,1735486158171,1,3bded665-ee7e-4296-af53-f1109efabe79,date,https://www.linkedin.com/in/muhammad-fitran-ramadhan/,2024-12-29T15:29:18.171Z,1735486158171,https://www.linkedin.com/in/muhammad-fitran-ramadhan?miniProfileUrn=urn%3Ali%3Afsd_profile%3AACoAADwbrqIBfngSSODc7yqnIwxbqFS_Pa-qR0U,Muhammad Fitran Ramadhan,muhammad-fitran-ramadhan,,https://www.linkedin.com/feed/update/urn:li:ugcPost:7276977454626349056,urn:li:ugcPost:7276977454626349056,,,,,,,,,false,false,false,false,false,true,true,false,false,https://www.linkedin.com/posts/ribhigustizio_i-attended-the-rnest-laboratory-event-with-ugcPost-7276977454626349056-u_Iq?,false,true,,repost
,,,,,,,,800,https://media.licdn.com/dms/image/v2/D5635AQF-KHMsuim57g/profile-framedphoto-shrink_800_800/B56Z6mbqfBJQAY-/0/1780908730865?e=1781928000&v=beta&t=wDC7hMvYvznJdYugkU5G9vYVZr-3Q9Kn_hAxKwSfGaY,800,ACoAADwbrqIBfngSSODc7yqnIwxbqFS_Pa-qR0U,Mahasiswa Sarjana Jurusan Teknik Komputer di Universitas Telkom,https://www.linkedin.com/in/muhammad-fitran-ramadhan?miniProfileUrn=urn%3Ali%3Afsd_profile%3AACoAADwbrqIBfngSSODc7yqnIwxbqFS_Pa-qR0U,Muhammad Fitran Ramadhan,muhammad-fitran-ramadhan,profile,,1008447138,,,"🌟 LeetCode Milestone 🌟

🎯 250+ Problems Solved
📚 180+ Solutions Shared with the Community
🔥 100 Days Streak Completed

My LeetCode Account: https://lnkd.in/eSnmCP58 

Saya sangat antusias belajar algoritma dan struktur data. Berbagi solusi di komunitas LeetCode adalah cara saya membantu orang lain sekaligus memperdalam pemahaman saya.

Akhir-akhir ini, waktu saya banyak tersita untuk kuliah, tugas, dan kegiatan organisasi. Meski begitu, saya terus berusaha menjaga konsistensi dalam menyelesaikan masalah di LeetCode.

LeetCode

#LeetCode #CodingJourney #Algorithm #ProblemSolving #CodingCommunity #100DaysOfCode
💡 Tetap semangat, komunitas LeetCode! 🚀
💡 Keep it up, LeetCode community! 🚀",18191586,https://www.linkedin.com/company/leet-code/,LeetCode,,8,,,,,,523,,COMPANY_NAME,,,,,,,,,,,,,,,,,,,,,,,,,,,,,,,,,,,,,,,,,,0,7266613757642969088,7,7,LIKE,,,,,,,,,0,7266613758494433280,,,,,,,7266613758494433280,https://www.linkedin.com/posts/muhammad-fitran-ramadhan_leetcode-codingjourney-algorithm-activity-7266613758494433280-chIi,200,https://media.licdn.com/dms/image/v2/D5622AQGnw_7YlI6JGA/feedshare-shrink_800/feedshare-shrink_800/0/1732495725747?e=1782950400&v=beta&t=AiP2ybIgJkuvTZBgDIg2NSYsLRmP8mrRNJnsvovAADQ,427,440,https://media.licdn.com/dms/image/v2/D5622AQGbSHwlplf1eA/feedshare-shrink_800/feedshare-shrink_800/0/1732495725723?e=1782950400&v=beta&t=vOluzHR9IQzmCoNEtPtOq3J2GcrPhLYmxmRI-VrAs-k,286,182,https://media.licdn.com/dms/image/v2/D5622AQGe5CO2iK7tMw/feedshare-shrink_800/feedshare-shrink_800/0/1732495725738?e=1782950400&v=beta&t=A3xQOulME0vpIFC8DWyRQxeYT6ZcJ63KUvSXnaasVEQ,172,,,,,,,,,,,,,,,,2024-11-25T00:48:47.180Z,1yr,1 year ago • Edited • Visible to anyone on or off LinkedIn,1732495727180,1,3bded665-ee7e-4296-af53-f1109efabe79,date,https://www.linkedin.com/in/muhammad-fitran-ramadhan/,,,,,,,https://www.linkedin.com/feed/update/urn:li:ugcPost:7266613757642969088,urn:li:ugcPost:7266613757642969088,,,,,,,,,false,false,false,false,false,true,true,false,false,https://www.linkedin.com/posts/muhammad-fitran-ramadhan_leetcode-codingjourney-algorithm-activity-7266613758494433280-chIi?,false,true,,post
,,,,,,,,800,https://media.licdn.com/dms/image/v2/D5635AQF-KHMsuim57g/profile-framedphoto-shrink_800_800/B56Z6mbqfBJQAY-/0/1780908730865?e=1781928000&v=beta&t=wDC7hMvYvznJdYugkU5G9vYVZr-3Q9Kn_hAxKwSfGaY,800,ACoAADwbrqIBfngSSODc7yqnIwxbqFS_Pa-qR0U,Mahasiswa Sarjana Jurusan Teknik Komputer di Universitas Telkom,https://www.linkedin.com/in/muhammad-fitran-ramadhan?miniProfileUrn=urn%3Ali%3Afsd_profile%3AACoAADwbrqIBfngSSODc7yqnIwxbqFS_Pa-qR0U,Muhammad Fitran Ramadhan,muhammad-fitran-ramadhan,profile,,1008447138,,,"Dengan bangga saya memperkenalkan Majalah Podium edisi ke-15 dari UKM Aksara Jurnalistik Telkom University, yang kali ini mengusung tema ""Sense of Time"" dengan subtema ""Menghargai Hidup: Cinta Dirimu.""

Edisi ini mengajak kita untuk lebih memahami dan menghargai setiap momen dalam hidup, serta mencintai diri sendiri di tengah kesibukan dan tekanan zaman. Artikel-artikel di dalamnya dikemas dengan mendalam dan relevan, membawa perspektif baru yang dapat memberikan inspirasi bagi para pembaca.

Sebagai koordinator riset, saya bangga telah terlibat dalam proses pengembangan majalah ini bersama tim yang hebat.

Untuk teman-teman yang ingin menikmati konten majalah ini, kalian bisa mengaksesnya melalui link berikut: https://lnkd.in/ggbGcysQ 🔗

Semoga Podium 15 bisa memberikan wawasan dan pencerahan baru bagi siapapun yang membacanya. 📖✨

Aksara Jurnalistik Telkom University

#MajalahPodium #Podium15 #SenseOfTime #CintaDirimu #SelfLove #TelkomUniversity #AksaraJurnalistik #Jurnalistik #Riset",65542375,https://www.linkedin.com/company/aksara-jurnalistik-telkom-university/,Aksara Jurnalistik Telkom University,,36,,,,,,845,,COMPANY_NAME,,,,,,,,,,,,,,,,,,,,,,,,,,,,,,,,,,,,,,,,,,0,7252612278976446465,13,12,LIKE,1,PRAISE,,,,,,,2,7252612279874027522,,,,,,,7252612279874027522,https://www.linkedin.com/posts/muhammad-fitran-ramadhan_majalahpodium-podium15-senseoftime-activity-7252612279874027522-1O6d,1477,https://media.licdn.com/dms/image/v2/D5622AQFzFgsUxB8ZEw/feedshare-image-high-res/feedshare-image-high-res/0/1729157431540?e=1782950400&v=beta&t=X1mPdy05_xuZa_j6tPkkOVG4DOeyUVnOQ7aRyoka_oo,1040,1477,https://media.licdn.com/dms/image/v2/D5622AQFXeOPyBXqg3A/feedshare-image-high-res/feedshare-image-high-res/0/1729157435251?e=1782950400&v=beta&t=ufYVf0Wnz40rEx-FjPERyNVfA5ZNVc2Zdpc2xO_aeQ0,1040,1477,https://media.licdn.com/dms/image/v2/D5622AQGx6Cdm81y_eA/feedshare-image-high-res/feedshare-image-high-res/0/1729157434600?e=1782950400&v=beta&t=T5uuvp-vqKJjkLVVQVeArtaS91wu44P20Qz0g0z7MNc,1040,1365,https://media.licdn.com/dms/image/v2/D5622AQFpVQTj72Ce6A/feedshare-image-high-res/feedshare-image-high-res/0/1729157506636?e=1782950400&v=beta&t=ImB5Hr2CyOSsU_AbhG5fScWUcSIDt4WDky6rVImdOm0,2048,1365,https://media.licdn.com/dms/image/v2/D5622AQGOxzYgU1EBxQ/feedshare-image-high-res/feedshare-image-high-res/0/1729157513013?e=1782950400&v=beta&t=E-e0lvUCpiLewWPOGuP8beu_rZDRilX10UnXWt-Y57o,2048,1365,https://media.licdn.com/dms/image/v2/D5622AQEegAzjoy2blg/feedshare-image-high-res/feedshare-image-high-res/0/1729157503125?e=1782950400&v=beta&t=l4v2PHPfbupGqmDa84Hk_UR0UJiUfxzPefmwbGbiGmg,2048,1365,https://media.licdn.com/dms/image/v2/D5622AQHm-28iJkafSg/feedshare-image-high-res/feedshare-image-high-res/0/1729157510153?e=1782950400&v=beta&t=GXVlPvN76IreEU57ilj4jg3mv8EYWui0gHPxlssluHw,2048,,,,2024-10-17T09:31:54.542Z,1yr,1 year ago • Visible to anyone on or off LinkedIn,1729157514542,1,3bded665-ee7e-4296-af53-f1109efabe79,date,https://www.linkedin.com/in/muhammad-fitran-ramadhan/,,,,,,,https://www.linkedin.com/feed/update/urn:li:ugcPost:7252612278976446465,urn:li:ugcPost:7252612278976446465,,,,,,,,,false,false,false,false,false,true,true,false,false,https://www.linkedin.com/posts/muhammad-fitran-ramadhan_majalahpodium-podium15-senseoftime-activity-7252612279874027522-1O6d?,false,true,,post
,,,,,,,,800,https://media.licdn.com/dms/image/v2/D5635AQF-KHMsuim57g/profile-framedphoto-shrink_800_800/B56Z6mbqfBJQAY-/0/1780908730865?e=1781928000&v=beta&t=wDC7hMvYvznJdYugkU5G9vYVZr-3Q9Kn_hAxKwSfGaY,800,ACoAADwbrqIBfngSSODc7yqnIwxbqFS_Pa-qR0U,Mahasiswa Sarjana Jurusan Teknik Komputer di Universitas Telkom,https://www.linkedin.com/in/muhammad-fitran-ramadhan?miniProfileUrn=urn%3Ali%3Afsd_profile%3AACoAADwbrqIBfngSSODc7yqnIwxbqFS_Pa-qR0U,Muhammad Fitran Ramadhan,muhammad-fitran-ramadhan,profile,,1008447138,,,Saya senang sekali karena telah berhasil mendapatkan sertifikasi baru: Memulai Pemrograman Dengan Java dari Dicoding Indonesia!,13345120,https://www.linkedin.com/company/dicoding/,Dicoding Indonesia,,18,,,,,,108,,COMPANY_NAME,,,,,,,,,,,,,,,,,,,,,,,,,,,,,,,,,,,,,,,,,,0,7250194233263800322,6,6,LIKE,,,,,,,,,0,7250194233997848577,,,,,,,7250194233997848577,https://www.linkedin.com/posts/muhammad-fitran-ramadhan_saya-senang-sekali-karena-telah-berhasil-activity-7250194233997848577-xLbJ,,,,,,,,,,,,,,,,,,,,,,,,,2024-10-10T17:23:27.480Z,1yr,1 year ago • Visible to anyone on or off LinkedIn,1728581007480,1,3bded665-ee7e-4296-af53-f1109efabe79,date,https://www.linkedin.com/in/muhammad-fitran-ramadhan/,,,,,,,https://www.linkedin.com/feed/update/urn:li:ugcPost:7250194233263800322,urn:li:ugcPost:7250194233263800322,,,,,,,,,false,false,false,false,false,true,true,false,false,https://www.linkedin.com/posts/muhammad-fitran-ramadhan_saya-senang-sekali-karena-telah-berhasil-activity-7250194233997848577-xLbJ?,false,true,,post
,,,,,,,,800,https://media.licdn.com/dms/image/v2/D5635AQF-KHMsuim57g/profile-framedphoto-shrink_800_800/B56Z6mbqfBJQAY-/0/1780908730865?e=1781928000&v=beta&t=wDC7hMvYvznJdYugkU5G9vYVZr-3Q9Kn_hAxKwSfGaY,800,ACoAADwbrqIBfngSSODc7yqnIwxbqFS_Pa-qR0U,Mahasiswa Sarjana Jurusan Teknik Komputer di Universitas Telkom,https://www.linkedin.com/in/muhammad-fitran-ramadhan?miniProfileUrn=urn%3Ali%3Afsd_profile%3AACoAADwbrqIBfngSSODc7yqnIwxbqFS_Pa-qR0U,Muhammad Fitran Ramadhan,muhammad-fitran-ramadhan,profile,,1008447138,,,"🎉 Milestone Achieved: 100 LeetCode Problems Solved! 🎉

It might not seem like much to some, but reaching this 100-problem mark and earning my first badge, ""Jul LeetCoding Challenge,"" is a significant milestone for me.

Over the past month, I've dived into the world of LeetCode, initially stumbling upon it by chance. With a long holiday providing ample free time, I wanted to channel my productivity into something fulfilling. The journey has been both challenging and rewarding, and I’m thrilled with the progress I’ve made.

LeetCode is an incredibly well-designed platform, offering a wealth of algorithm and programming problems from real hirers at big tech companies. It's user-friendly and allows me to easily track my progress.

If you're interested in coding challenges and improving your problem-solving skills, I highly recommend checking it out!

Website: https://leetcode.com/ 
LeetCode 

#LeetCode #CodingChallenge #Milestone #Productivity #TechJourney",18191586,https://www.linkedin.com/company/leet-code/,LeetCode,,8,,,,,,891,,COMPANY_NAME,,,,,,,,,,,,,,,,,,,,,,,,,,,,,,,,,,,,,,,,,,0,7224436208448192512,9,9,LIKE,,,,,,,,,0,7224436211552043009,,,,,,,7224436211552043009,https://www.linkedin.com/posts/muhammad-fitran-ramadhan_leetcode-codingchallenge-milestone-activity-7224436211552043009-osFk,315,https://media.licdn.com/dms/image/v2/D5622AQFx3VYvOH5EGg/feedshare-shrink_800/feedshare-shrink_800/0/1722439814125?e=1782950400&v=beta&t=y37E4aaLRznj9i3CahY0_ewZpuZDTE3RGIq8Xxkbxw8,506,549,https://media.licdn.com/dms/image/v2/D5622AQGQrtqBR6UPpQ/feedshare-image-high-res/feedshare-image-high-res/0/1722439813822?e=1782950400&v=beta&t=UBsEO7ynN69gH8BUknnYH29itOTwEUYAPR0fa6grlXM,1167,,,,,,,,,,,,,,,,,,,2024-07-31T15:30:16.368Z,1yr,1 year ago • Visible to anyone on or off LinkedIn,1722439816368,1,3bded665-ee7e-4296-af53-f1109efabe79,date,https://www.linkedin.com/in/muhammad-fitran-ramadhan/,,,,,,,https://www.linkedin.com/feed/update/urn:li:ugcPost:7224436208448192512,urn:li:ugcPost:7224436208448192512,,,,,,,,,false,false,false,false,false,true,true,false,false,https://www.linkedin.com/posts/muhammad-fitran-ramadhan_leetcode-codingchallenge-milestone-activity-7224436211552043009-osFk?,false,true,,post
,,,,,,,,600,https://media.licdn.com/dms/image/v2/D5603AQFJHBXk-bUBQA/profile-displayphoto-shrink_800_800/profile-displayphoto-shrink_800_800/0/1727349785532?e=1782950400&v=beta&t=zpzLghbOkOdPqiAb8HQ3Nu1FYIN838B0bJAaKkbrxz4,600,ACoAAEFs28cBTHoT-3aqVb_aOZtdwp7wxIkI5zw,Content Writer & Copy Writer Enthusiast,https://www.linkedin.com/in/ririn-wahyu-priyanti-b73727267?miniProfileUrn=urn%3Ali%3Afsd_profile%3AACoAAEFs28cBTHoT-3aqVb_aOZtdwp7wxIkI5zw,Ririn Wahyu Priyanti,ririn-wahyu-priyanti-b73727267,profile,,1097653191,,,Kalian setuju gak sih kalau anak muda sekarang wajib buat personal branding?,,,,,,,,,,,,,,,,,,,,,,,,,,,1923,https://media.licdn.com/dms/image/v2/D561FAQHQf2M3oy1eDg/feedshare-document-cover-images_1920/feedshare-document-cover-images_1920/0/1716089720513?e=1781928000&v=beta&t=26l6mtfbMJVZdrdoP_PMXRO49WLl4OxardGxEG53pLk,https://media.licdn.com/dms/image/v2/D561FAQHQf2M3oy1eDg/feedshare-document-cover-images_1920/feedshare-document-cover-images_1920/1/1716089720513?e=1781928000&v=beta&t=HOokcbUL7a_vaYI6720p4WTKoXPxD2axLeNRbzNSCKU,https://media.licdn.com/dms/image/v2/D561FAQHQf2M3oy1eDg/feedshare-document-cover-images_1920/feedshare-document-cover-images_1920/2/1716089720513?e=1781928000&v=beta&t=N1UBMXygFVB0aAGWyS5K7H4tk7YSiq19rmlxxedpBx4,1923,urn:li:digitalmediaAsset:D561FAQHQf2M3oy1eDg,168,https://media.licdn.com/dms/document/pl/v2/D561FAQHQf2M3oy1eDg/feedshare-document-images_160/feedshare-document-images_160/0/1716089720511?e=1782345600&v=beta&t=2SIuMUmpzsr3WQV9eflFYQ0-l2bZceTc09AkpBdxv4s,168,483,https://media.licdn.com/dms/document/pl/v2/D561FAQHQf2M3oy1eDg/feedshare-document-images_480/feedshare-document-images_480/0/1716089720511?e=1782345600&v=beta&t=9A5aKyX3qmeX8Kx-p7CE_Pgjnik2w9cfT9BhQzYhTEc,483,1282,https://media.licdn.com/dms/document/pl/v2/D561FAQHQf2M3oy1eDg/feedshare-document-images_1280/feedshare-document-images_1280/0/1716089720511?e=1782345600&v=beta&t=qphKZ3mQ9DlLG7b_YZVkkmU1QOJgeP9GoMlAJfE4Wls,1282,810,https://media.licdn.com/dms/document/pl/v2/D561FAQHQf2M3oy1eDg/feedshare-document-images_800/feedshare-document-images_800/0/1716089720511?e=1782345600&v=beta&t=Wyqyvklt5TrDUd_8HhV7xYvVWsPw3A5d4UNItozzxLU,810,1923,https://media.licdn.com/dms/document/pl/v2/D561FAQHQf2M3oy1eDg/feedshare-document-images_1920/feedshare-document-images_1920/0/1716089720511?e=1782345600&v=beta&t=W0lAGQzN1ffNmkn62qwu_lSx-6UNSecFh3EPnYPf03o,1923,true,https://media.licdn.com/dms/document/media/v2/D561FAQHQf2M3oy1eDg/feedshare-document-pdf-analyzed/feedshare-document-pdf-analyzed/0/1716089720511?e=1782345600&v=beta&t=mFyowOXDBbARt0oFL1vzEGZVJgAJv-UuVJN3iuwkRYY,https://media.licdn.com/dms/document/media/v2/D561FAQHQf2M3oy1eDg/feedshare-document-transcript/feedshare-document-transcript/0/1716089720511?e=1782345600&v=beta&t=jgC9kTVTqfZysEn86zNqAoRmM2zjI56CrSJk4g3oF8I,https://media.licdn.com/dms/document/pl/v2/D561FAQHQf2M3oy1eDg/feedshare-document-master-manifest/feedshare-document-master-manifest/0/1716089720511?e=1781928000&v=beta&t=STmQRWZsZ1AA06n2W9uekXevU_IovVuQjtdU5s7fbVY,Anak Muda Wajib Personal Branding,5,https://media.licdn.com/dms/document/media/v2/D561FAQHQf2M3oy1eDg/feedshare-document-url-metadata-scrapper-pdf/feedshare-document-url-metadata-scrapper-pdf/0/1716089716856?e=1781928000&v=beta&t=4-6BSLak08wRW-qIGGN1yD3o3VQJbY-VbQAJiGOXd80,115,7197802187014488064,7448,7271,LIKE,81,INTEREST,61,EMPATHY,21,PRAISE,14,APPRECIATION,1182,7210202876302827520,800,https://media.licdn.com/dms/image/v2/D5635AQF-KHMsuim57g/profile-framedphoto-shrink_800_800/B56Z6mbqfBJQAY-/0/1780908730865?e=1781928000&v=beta&t=wDC7hMvYvznJdYugkU5G9vYVZr-3Q9Kn_hAxKwSfGaY,800,https://www.linkedin.com/in/muhammad-fitran-ramadhan?miniProfileUrn=urn%3Ali%3Afsd_profile%3AACoAADwbrqIBfngSSODc7yqnIwxbqFS_Pa-qR0U,https://www.linkedin.com/feed/update/urn:li:activity:7210202876302827520?updateEntityUrn=urn%3Ali%3Afsd_update%3A%28urn%3Ali%3Aactivity%3A7210202876302827520%2CMEMBER_SHARES%2CDEBUG_REASON%2CDEFAULT%2Cfalse%29&originTrackingId=pcZqRuMhGwrrR4Qw%2FJL%2BSg%3D%3D,Muhammad Fitran Ramadhan reposted this,7210202876302827520,https://www.linkedin.com/posts/ririn-wahyu-priyanti-b73727267_anak-muda-wajib-personal-branding-ugcPost-7197802187014488064-ps8q,,,,,,,,,,,,,,,,,,,,,,,,,2024-06-22T08:52:04.802Z,2yr,2 years ago • Visible to anyone on or off LinkedIn,1719046324802,1,3bded665-ee7e-4296-af53-f1109efabe79,date,https://www.linkedin.com/in/muhammad-fitran-ramadhan/,2024-06-22T08:52:04.802Z,1719046324802,https://www.linkedin.com/in/muhammad-fitran-ramadhan?miniProfileUrn=urn%3Ali%3Afsd_profile%3AACoAADwbrqIBfngSSODc7yqnIwxbqFS_Pa-qR0U,Muhammad Fitran Ramadhan,muhammad-fitran-ramadhan,,https://www.linkedin.com/feed/update/urn:li:ugcPost:7197802187014488064,urn:li:ugcPost:7197802187014488064,,,,,,,,,false,false,false,false,false,true,true,false,false,https://www.linkedin.com/posts/ririn-wahyu-priyanti-b73727267_anak-muda-wajib-personal-branding-ugcPost-7197802187014488064-ps8q?,false,true,,repost
,,,,,,,,800,https://media.licdn.com/dms/image/v2/D5635AQF-KHMsuim57g/profile-framedphoto-shrink_800_800/B56Z6mbqfBJQAY-/0/1780908730865?e=1781928000&v=beta&t=wDC7hMvYvznJdYugkU5G9vYVZr-3Q9Kn_hAxKwSfGaY,800,ACoAADwbrqIBfngSSODc7yqnIwxbqFS_Pa-qR0U,Mahasiswa Sarjana Jurusan Teknik Komputer di Universitas Telkom,https://www.linkedin.com/in/muhammad-fitran-ramadhan?miniProfileUrn=urn%3Ali%3Afsd_profile%3AACoAADwbrqIBfngSSODc7yqnIwxbqFS_Pa-qR0U,Muhammad Fitran Ramadhan,muhammad-fitran-ramadhan,profile,,1008447138,,,"Kunjungan Media ke Narasi

Saya berkesempatan mengikuti kegiatan Kunjungan Media ke Narasi bersama teman-teman dari UKM Aksara.

Aksara Jurnalistik Telkom University 
Narasi.tv 

#KunjunganMedia #Narasi #UKMAksara #Aksara #Jurnalistik #Networking #Relasi",65542375,https://www.linkedin.com/company/aksara-jurnalistik-telkom-university/,Aksara Jurnalistik Telkom University,,36,,,,,,129,,COMPANY_NAME,13645313,https://www.linkedin.com/company/narasitv/,Narasi.tv,,9,,,,,,167,,COMPANY_NAME,,,,,,,,,,,,,,,,,,,,,,,,,,,,,0,7209532465818845184,13,13,LIKE,,,,,,,,,2,7209532466536083456,,,,,,,7209532466536083456,https://www.linkedin.com/posts/muhammad-fitran-ramadhan_kunjunganmedia-narasi-ukmaksara-activity-7209532466536083456-Gco6,853,https://media.licdn.com/dms/image/v2/D5622AQFZR7-goMj0Bw/feedshare-image-high-res/feedshare-image-high-res/0/1718886484154?e=1782950400&v=beta&t=XmiFUZbmOtcKO7wmGp9UQ-bgZqtLPEHN6bySwAn_B_M,1280,853,https://media.licdn.com/dms/image/v2/D5622AQFeDtvyOvonww/feedshare-image-high-res/feedshare-image-high-res/0/1718886484706?e=1782950400&v=beta&t=jOYlq5077aO_4vHeJnlDCOvVJWrXZuKBleJUDG3PKbI,1280,853,https://media.licdn.com/dms/image/v2/D5622AQHyYRPToFP6pQ/feedshare-image-high-res/feedshare-image-high-res/0/1718886484435?e=1782950400&v=beta&t=9ZiLerr3jUns3rPQNN62XOSFrk5Ou01nKVKUN8W8lYk,1280,,,,,,,,,,,,,,,,2024-06-20T12:28:06.658Z,1yr,1 year ago • Edited • Visible to anyone on or off LinkedIn,1718886486658,1,3bded665-ee7e-4296-af53-f1109efabe79,date,https://www.linkedin.com/in/muhammad-fitran-ramadhan/,,,,,,,https://www.linkedin.com/feed/update/urn:li:ugcPost:7209532465818845184,urn:li:ugcPost:7209532465818845184,,,,,,,,,false,false,false,false,false,true,true,false,false,https://www.linkedin.com/posts/muhammad-fitran-ramadhan_kunjunganmedia-narasi-ukmaksara-activity-7209532466536083456-Gco6?,false,true,,post
,,,,,,,,400,https://media.licdn.com/dms/image/v2/C4E0BAQEGCydUngysJA/company-logo_400_400/company-logo_400_400/0/1630589846795?e=1782950400&v=beta&t=7G2LuGYrKqCFyVgnKrrD8w3gc20drtMAiH1r9FHdmg4,400,65542375,128 followers,https://www.linkedin.com/company/aksara-jurnalistik-telkom-university/posts,Aksara Jurnalistik Telkom University,,company,aksara-jurnalistik-telkom-university,65542375,,,"pada minggu 5 mei 2024, dengan bangga kami merayakan diarist  UKM Aksara yang ke-10! Dalam sepuluh tahun perjalanan yang menginspirasi ini, Aksara telah menjadi wadah bagi para jurnalis muda untuk mengeksplorasi, belajar, dan berkembang dalam bidang kejurnalistikan dan pers.

Dalam setiap artikel dan berita yang dipublikasikan, setiap liputan yang dilakukan, Aksara telah menjadi suara yang menggema bagi komunitas kami. Dedikasi, ketekunan, dan semangat yang telah ditanamkan oleh anggota-anggota Aksara tidak hanya memperkaya dunia pers mahasiswa, tetapi juga memberikan kontribusi positif bagi masyarakat luas.

Terima kasih kepada seluruh pengurus, alumni, Jurnalis Muda, dan seluruh dukungan yang telah diberikan yang tak tergantikan selama satu dekade ini. Tanpa kerja keras dan kolaborasi kalian, pencapaian besar yang telah kita raih bersama tidak akan mungkin terwujud.

Semoga Aksara terus menjadi tempat yang membangkitkan semangat jurnalistik, menginspirasi generasi baru untuk mengejar kebenaran dan keadilan. Selamat ulang tahun ke-10, Aksara! Mari kita lanjutkan perjalanan ini dengan semangat yang sama, dan bersama-sama kita ciptakan masa depan yang lebih cerah.

#diarist10 #aksara #jurnalistik #Telkomuniversity #aksarasatudekade",,,,,,,,,,,,,,,,,,,,,,,,,,,,,,,,,,,,,,,,,,,,,,,,,,,,,,,0,7193491112601206784,18,18,LIKE,,,,,,,,,2,7194643690231853057,800,https://media.licdn.com/dms/image/v2/D5635AQF-KHMsuim57g/profile-framedphoto-shrink_800_800/B56Z6mbqfBJQAY-/0/1780908730865?e=1781928000&v=beta&t=wDC7hMvYvznJdYugkU5G9vYVZr-3Q9Kn_hAxKwSfGaY,800,https://www.linkedin.com/in/muhammad-fitran-ramadhan?miniProfileUrn=urn%3Ali%3Afsd_profile%3AACoAADwbrqIBfngSSODc7yqnIwxbqFS_Pa-qR0U,https://www.linkedin.com/feed/update/urn:li:activity:7194643690231853057?updateEntityUrn=urn%3Ali%3Afsd_update%3A%28urn%3Ali%3Aactivity%3A7194643690231853057%2CMEMBER_SHARES%2CDEBUG_REASON%2CDEFAULT%2Cfalse%29&originTrackingId=LkdAmhQeepES8YrVCPGcrg%3D%3D,Muhammad Fitran Ramadhan reposted this,7194643690231853057,https://www.linkedin.com/posts/aksara-jurnalistik-telkom-university_diarist10-aksara-jurnalistik-ugcPost-7193491112601206784-OXAB,554,https://media.licdn.com/dms/image/v2/D4D22AQHcW_yEta6cew/feedshare-image-high-res/feedshare-image-high-res/0/1715061928129?e=1782950400&v=beta&t=xzHOyXmSKHRnCsFk1OsBGaylGFq-3df_4CFMKNh4HLo,828,554,https://media.licdn.com/dms/image/v2/D4D22AQFOufD2gIOD1g/feedshare-image-high-res/feedshare-image-high-res/0/1715061927933?e=1782950400&v=beta&t=3C_Q9wj4uIes-KsqyO_PATJ_1BxNXX0aN54P-15AjpQ,828,554,https://media.licdn.com/dms/image/v2/D4D22AQGBt2PJQoTm0w/feedshare-image-high-res/feedshare-image-high-res/0/1715061928026?e=1782950400&v=beta&t=suj7wHtxbUkNvlnbZMbff_tszYvDyRNb4AXGNyXHm4c,828,554,https://media.licdn.com/dms/image/v2/D4D22AQFaSDbInsagRg/feedshare-image-high-res/feedshare-image-high-res/0/1715061928309?e=1782950400&v=beta&t=yCJ4dfP81qme5uRiJF8wEWQ5LBwmEWacqNPIw9_zxMk,828,554,https://media.licdn.com/dms/image/v2/D4D22AQH6qVOKdzrteQ/feedshare-image-high-res/feedshare-image-high-res/0/1715061928174?e=1782950400&v=beta&t=gY8ajdVVj40wXg2SlcVdkUNACa7WkZlkb9algsrf5DU,828,,,,,,,,,,2024-05-10T10:25:25.767Z,2yr,2 years ago • Visible to anyone on or off LinkedIn,1715336725767,1,3bded665-ee7e-4296-af53-f1109efabe79,date,https://www.linkedin.com/in/muhammad-fitran-ramadhan/,2024-05-10T10:25:25.767Z,1715336725767,https://www.linkedin.com/in/muhammad-fitran-ramadhan?miniProfileUrn=urn%3Ali%3Afsd_profile%3AACoAADwbrqIBfngSSODc7yqnIwxbqFS_Pa-qR0U,Muhammad Fitran Ramadhan,muhammad-fitran-ramadhan,,https://www.linkedin.com/feed/update/urn:li:ugcPost:7193491112601206784,urn:li:ugcPost:7193491112601206784,,,,,,,,,false,false,false,false,false,true,true,false,false,https://www.linkedin.com/posts/aksara-jurnalistik-telkom-university_diarist10-aksara-jurnalistik-ugcPost-7193491112601206784-OXAB?,false,true,,repost
,,,,,,,,800,https://media.licdn.com/dms/image/v2/D5635AQF-KHMsuim57g/profile-framedphoto-shrink_800_800/B56Z6mbqfBJQAY-/0/1780908730865?e=1781928000&v=beta&t=wDC7hMvYvznJdYugkU5G9vYVZr-3Q9Kn_hAxKwSfGaY,800,ACoAADwbrqIBfngSSODc7yqnIwxbqFS_Pa-qR0U,Mahasiswa Sarjana Jurusan Teknik Komputer di Universitas Telkom,https://www.linkedin.com/in/muhammad-fitran-ramadhan?miniProfileUrn=urn%3Ali%3Afsd_profile%3AACoAADwbrqIBfngSSODc7yqnIwxbqFS_Pa-qR0U,Muhammad Fitran Ramadhan,muhammad-fitran-ramadhan,profile,,1008447138,,,Dengan senang hati saya sampaikan bahwa saya memulai posisi baru sebagai Head of Research And Development di Aksara Jurnalistik Telkom University!,65542375,https://www.linkedin.com/company/aksara-jurnalistik-telkom-university/,Aksara Jurnalistik Telkom University,,36,,,,,,109,,COMPANY_NAME,,,,,,,,,,,,,,,,,,,,,,,,,,,,,,,,,,,,,,,,,,1,7140330392976289792,10,10,LIKE,,,,,,,,,0,7140330393517330433,,,,,,,7140330393517330433,https://www.linkedin.com/posts/muhammad-fitran-ramadhan_dengan-senang-hati-saya-sampaikan-bahwa-saya-activity-7140330393517330433-clih,,,,,,,,,,,,,,,,,,,,,,,,,2023-12-12T13:23:46.738Z,2yr,2 years ago • Visible to anyone on or off LinkedIn,1702387426738,1,3bded665-ee7e-4296-af53-f1109efabe79,date,https://www.linkedin.com/in/muhammad-fitran-ramadhan/,,,,,,,https://www.linkedin.com/feed/update/urn:li:ugcPost:7140330392976289792,urn:li:ugcPost:7140330392976289792,,,,,,,,,false,false,false,false,false,true,true,false,false,https://www.linkedin.com/posts/muhammad-fitran-ramadhan_dengan-senang-hati-saya-sampaikan-bahwa-saya-activity-7140330393517330433-clih?,false,true,,post
,,,,,,,,800,https://media.licdn.com/dms/image/v2/D5635AQF-KHMsuim57g/profile-framedphoto-shrink_800_800/B56Z6mbqfBJQAY-/0/1780908730865?e=1781928000&v=beta&t=wDC7hMvYvznJdYugkU5G9vYVZr-3Q9Kn_hAxKwSfGaY,800,ACoAADwbrqIBfngSSODc7yqnIwxbqFS_Pa-qR0U,Mahasiswa Sarjana Jurusan Teknik Komputer di Universitas Telkom,https://www.linkedin.com/in/muhammad-fitran-ramadhan?miniProfileUrn=urn%3Ali%3Afsd_profile%3AACoAADwbrqIBfngSSODc7yqnIwxbqFS_Pa-qR0U,Muhammad Fitran Ramadhan,muhammad-fitran-ramadhan,profile,,1008447138,,,Saya senang sekali karena telah berhasil mendapatkan sertifikasi baru: Belajar Dasar Pemrograman JavaScript dari Dicoding Indonesia!,13345120,https://www.linkedin.com/company/dicoding/,Dicoding Indonesia,,18,,,,,,113,,COMPANY_NAME,,,,,,,,,,,,,,,,,,,,,,,,,,,,,,,,,,,,,,,,,,2,7128213291113345025,6,5,LIKE,1,PRAISE,,,,,,,0,7128213291809587200,,,,,,,7128213291809587200,https://www.linkedin.com/posts/muhammad-fitran-ramadhan_saya-senang-sekali-karena-telah-berhasil-activity-7128213291809587200-ylXR,,,,,,,,,,,,,,,,,,,,,,,,,2023-11-09T02:54:44.566Z,2yr,2 years ago • Visible to anyone on or off LinkedIn,1699498484566,1,3bded665-ee7e-4296-af53-f1109efabe79,date,https://www.linkedin.com/in/muhammad-fitran-ramadhan/,,,,,,,https://www.linkedin.com/feed/update/urn:li:ugcPost:7128213291113345025,urn:li:ugcPost:7128213291113345025,,,,,,,,,false,false,false,false,false,true,true,false,false,https://www.linkedin.com/posts/muhammad-fitran-ramadhan_saya-senang-sekali-karena-telah-berhasil-activity-7128213291809587200-ylXR?,false,true,,post
,,,,,,,,400,https://media.licdn.com/dms/image/v2/C4E0BAQEGCydUngysJA/company-logo_400_400/company-logo_400_400/0/1630589846795?e=1782950400&v=beta&t=7G2LuGYrKqCFyVgnKrrD8w3gc20drtMAiH1r9FHdmg4,400,65542375,128 followers,https://www.linkedin.com/company/aksara-jurnalistik-telkom-university/posts,Aksara Jurnalistik Telkom University,,company,aksara-jurnalistik-telkom-university,65542375,,,"Seminggu lalu, tepatnya 22 Oktober 2023 telah berlangsung Talkshow Perfection 2023 bertajuk ""Gen Z: How to Deal with Pilpres?""🙌

Sebelumnya, sebagai rangkaian awal dari Perfection 2023, telah dilaksanakan pula perlombaan Artikel Opini dengan tema ""Ketertarikan Gen-Z Terhadap Politik Indonesia Menjelang Pilpres 2024"".

Berangkat dari kebutuhan mendesak dalam memahami peran Gen Z yang lahir dan tumbuh di tengah arus informasi digital, dipadukan dengan pemilihan presiden yang akan hadir di tahun mendatang, menjadikan penting untuk mengetahui harapan dan ekspektasi Gen Z terkait kepemimpinan dan arah masa depan negara.

Mengusung tema ""Gen Z VS Pilpres"", Perfection 2023 berhasil mengajak lebih dari 200 orang peserta untuk berpartisipasi dalam rangkaian acaranya. 

Suksesnya rangkaian acara ini tidak terlepas dari partisipasi aktif dari pihak panitia maupun seluruh peserta. Terima kasih, dan sampai jumpa di Perfection berikutnya!🙌

#talkshow #perfection #perfection2023 #genz #pilpres2024",,,,,,,,,,,,,,,,,,,,,,,,,,,,,,,,,,,,,,,,,,,,,,,,,,,,,,,0,7125072663718363136,20,19,LIKE,1,PRAISE,,,,,,,4,7125135086236176384,800,https://media.licdn.com/dms/image/v2/D5635AQF-KHMsuim57g/profile-framedphoto-shrink_800_800/B56Z6mbqfBJQAY-/0/1780908730865?e=1781928000&v=beta&t=wDC7hMvYvznJdYugkU5G9vYVZr-3Q9Kn_hAxKwSfGaY,800,https://www.linkedin.com/in/muhammad-fitran-ramadhan?miniProfileUrn=urn%3Ali%3Afsd_profile%3AACoAADwbrqIBfngSSODc7yqnIwxbqFS_Pa-qR0U,https://www.linkedin.com/feed/update/urn:li:activity:7125135086236176384?updateEntityUrn=urn%3Ali%3Afsd_update%3A%28urn%3Ali%3Aactivity%3A7125135086236176384%2CMEMBER_SHARES%2CDEBUG_REASON%2CDEFAULT%2Cfalse%29&originTrackingId=dYUvT6R3jdZtitwTSfxxJg%3D%3D,Muhammad Fitran Ramadhan reposted this,7125135086236176384,https://www.linkedin.com/posts/aksara-jurnalistik-telkom-university_talkshow-perfection-perfection2023-ugcPost-7125072663718363136--sle,780,https://media.licdn.com/dms/image/v2/D5622AQHsI9Vfaymovg/feedshare-image-high-res/feedshare-image-high-res/0/1698749698403?e=1782950400&v=beta&t=GkJdfdAmm0IHustsjeMavTSP27O2CL_n5ssZT1v3v-Q,1170,780,https://media.licdn.com/dms/image/v2/D5622AQFoR1quo1U9qQ/feedshare-image-high-res/feedshare-image-high-res/0/1698749698544?e=1782950400&v=beta&t=DRAaPaFA9fmyOHenoX9I7kVJu5qAemMthXEIzYuWmV4,1170,780,https://media.licdn.com/dms/image/v2/D5622AQHP1fd_3kb4zw/feedshare-image-high-res/feedshare-image-high-res/0/1698749698389?e=1782950400&v=beta&t=9LDBAUaEPvEATYsMoeRBq2tb54Y52qoip71r8P4sJcg,1170,780,https://media.licdn.com/dms/image/v2/D5622AQEbJ4wsulRmoA/feedshare-image-high-res/feedshare-image-high-res/0/1698749698422?e=1782950400&v=beta&t=3xKJEzifuz8ArNh3e2xPUT2YCLohV-I04eM0LWwfbKM,1170,659,https://media.licdn.com/dms/image/v2/D5622AQG9Tv3FPBL8FQ/feedshare-image-high-res/feedshare-image-high-res/0/1698749696128?e=1782950400&v=beta&t=BxJZXs5bIPTLtJfhXbibB_OnW-O5G-QH4wFDOtdP3ss,1170,659,https://media.licdn.com/dms/image/v2/D5622AQF504vHBRJK7g/feedshare-image-high-res/feedshare-image-high-res/0/1698749696541?e=1782950400&v=beta&t=J9exbO3JdJX3rtzOeaq2grD48QE6o_vu6lAHivzAw0o,1170,659,https://media.licdn.com/dms/image/v2/D5622AQFN0iSaB4J8Vg/feedshare-image-high-res/feedshare-image-high-res/0/1698749698205?e=1782950400&v=beta&t=6anYuOMIoCNN9lfZFQu7lw-mNzR5oGk9n7DEEg4ZtwE,1170,780,https://media.licdn.com/dms/image/v2/D5622AQGTcJsKSGB3yQ/feedshare-image-high-res/feedshare-image-high-res/0/1698749698461?e=1782950400&v=beta&t=LEfCzfC4b1T1G9UX5XVR59-hGW9Z9zdvHqe_N7lOCeI,1170,2023-10-31T15:03:03.167Z,2yr,2 years ago • Visible to anyone on or off LinkedIn,1698764583167,1,3bded665-ee7e-4296-af53-f1109efabe79,date,https://www.linkedin.com/in/muhammad-fitran-ramadhan/,2023-10-31T15:03:03.167Z,1698764583167,https://www.linkedin.com/in/muhammad-fitran-ramadhan?miniProfileUrn=urn%3Ali%3Afsd_profile%3AACoAADwbrqIBfngSSODc7yqnIwxbqFS_Pa-qR0U,Muhammad Fitran Ramadhan,muhammad-fitran-ramadhan,,https://www.linkedin.com/feed/update/urn:li:ugcPost:7125072663718363136,urn:li:ugcPost:7125072663718363136,,,,,,,,,false,false,false,false,false,true,true,false,false,https://www.linkedin.com/posts/aksara-jurnalistik-telkom-university_talkshow-perfection-perfection2023-ugcPost-7125072663718363136--sle?,false,true,,repost
,,,,,,,,800,https://media.licdn.com/dms/image/v2/D5635AQF-KHMsuim57g/profile-framedphoto-shrink_800_800/B56Z6mbqfBJQAY-/0/1780908730865?e=1781928000&v=beta&t=wDC7hMvYvznJdYugkU5G9vYVZr-3Q9Kn_hAxKwSfGaY,800,ACoAADwbrqIBfngSSODc7yqnIwxbqFS_Pa-qR0U,Mahasiswa Sarjana Jurusan Teknik Komputer di Universitas Telkom,https://www.linkedin.com/in/muhammad-fitran-ramadhan?miniProfileUrn=urn%3Ali%3Afsd_profile%3AACoAADwbrqIBfngSSODc7yqnIwxbqFS_Pa-qR0U,Muhammad Fitran Ramadhan,muhammad-fitran-ramadhan,profile,,1008447138,,,Saya senang sekali karena telah berhasil mendapatkan sertifikasi baru: Intro to Software Engineering dari RevoU!,14637849,https://www.linkedin.com/school/revou/,RevoU,,5,,,,,,106,,COMPANY_NAME,,,,,,,,,,,,,,,,,,,,,,,,,,,,,,,,,,,,,,,,,,0,7104360744472772608,3,3,LIKE,,,,,,,,,0,7104360745076740096,,,,,,,7104360745076740096,https://www.linkedin.com/posts/muhammad-fitran-ramadhan_saya-senang-sekali-karena-telah-berhasil-activity-7104360745076740096-Xk1a,,,,,,,,,,,,,,,,,,,,,,,,,2023-09-04T07:13:14.266Z,2yr,2 years ago • Visible to anyone on or off LinkedIn,1693811594266,1,3bded665-ee7e-4296-af53-f1109efabe79,date,https://www.linkedin.com/in/muhammad-fitran-ramadhan/,,,,,,,https://www.linkedin.com/feed/update/urn:li:ugcPost:7104360744472772608,urn:li:ugcPost:7104360744472772608,,,,,,,,,false,false,false,false,false,true,true,false,false,https://www.linkedin.com/posts/muhammad-fitran-ramadhan_saya-senang-sekali-karena-telah-berhasil-activity-7104360745076740096-Xk1a?,false,true,,post
,,,,,,,,800,https://media.licdn.com/dms/image/v2/D5635AQF-KHMsuim57g/profile-framedphoto-shrink_800_800/B56Z6mbqfBJQAY-/0/1780908730865?e=1781928000&v=beta&t=wDC7hMvYvznJdYugkU5G9vYVZr-3Q9Kn_hAxKwSfGaY,800,ACoAADwbrqIBfngSSODc7yqnIwxbqFS_Pa-qR0U,Mahasiswa Sarjana Jurusan Teknik Komputer di Universitas Telkom,https://www.linkedin.com/in/muhammad-fitran-ramadhan?miniProfileUrn=urn%3Ali%3Afsd_profile%3AACoAADwbrqIBfngSSODc7yqnIwxbqFS_Pa-qR0U,Muhammad Fitran Ramadhan,muhammad-fitran-ramadhan,profile,,1008447138,,,Saya senang sekali karena telah berhasil mendapatkan sertifikasi baru: Memulai Dasar Pemrograman untuk Menjadi Pengembang Software dari Dicoding Indonesia!,13345120,https://www.linkedin.com/company/dicoding/,Dicoding Indonesia,,18,,,,,,136,,COMPANY_NAME,,,,,,,,,,,,,,,,,,,,,,,,,,,,,,,,,,,,,,,,,,0,7102229477157453824,1,1,LIKE,,,,,,,,,0,7102229477962764288,,,,,,,7102229477962764288,https://www.linkedin.com/posts/muhammad-fitran-ramadhan_saya-senang-sekali-karena-telah-berhasil-activity-7102229477962764288-Ug4o,,,,,,,,,,,,,,,,,,,,,,,,,2023-08-29T10:04:20.589Z,2yr,2 years ago • Visible to anyone on or off LinkedIn,1693303460589,1,3bded665-ee7e-4296-af53-f1109efabe79,date,https://www.linkedin.com/in/muhammad-fitran-ramadhan/,,,,,,,https://www.linkedin.com/feed/update/urn:li:ugcPost:7102229477157453824,urn:li:ugcPost:7102229477157453824,,,,,,,,,false,false,false,false,false,true,true,false,false,https://www.linkedin.com/posts/muhammad-fitran-ramadhan_saya-senang-sekali-karena-telah-berhasil-activity-7102229477962764288-Ug4o?,false,true,,post
,,,,,,,,800,https://media.licdn.com/dms/image/v2/D5635AQF-KHMsuim57g/profile-framedphoto-shrink_800_800/B56Z6mbqfBJQAY-/0/1780908730865?e=1781928000&v=beta&t=wDC7hMvYvznJdYugkU5G9vYVZr-3Q9Kn_hAxKwSfGaY,800,ACoAADwbrqIBfngSSODc7yqnIwxbqFS_Pa-qR0U,Mahasiswa Sarjana Jurusan Teknik Komputer di Universitas Telkom,https://www.linkedin.com/in/muhammad-fitran-ramadhan?miniProfileUrn=urn%3Ali%3Afsd_profile%3AACoAADwbrqIBfngSSODc7yqnIwxbqFS_Pa-qR0U,Muhammad Fitran Ramadhan,muhammad-fitran-ramadhan,profile,,1008447138,,,"Halo semua - Saya sedang mencari pekerjaan baru dan akan sangat menghargai bantuan Anda. Terima kasih sebelumnya untuk setiap koneksi, saran, atau peluang yang dapat Anda tawarkan. #OpenToWork",,,,,,,,,,,,,,,,,,,,,,,,,,,,,,,,,,,,,,,,,,,,,,,,,,,,,,,1,7087284388949868544,1,1,LIKE,,,,,,,,,0,7087284389507710976,,,,,,,7087284389507710976,https://www.linkedin.com/posts/muhammad-fitran-ramadhan_opentowork-activity-7087284389507710976-hhBs,,,,,,,,,,,,,,,,,,,,,,,,,2023-07-19T04:17:53.835Z,2yr,2 years ago • Visible to anyone on or off LinkedIn,1689740273835,1,3bded665-ee7e-4296-af53-f1109efabe79,date,https://www.linkedin.com/in/muhammad-fitran-ramadhan/,,,,,,,https://www.linkedin.com/feed/update/urn:li:ugcPost:7087284388949868544,urn:li:ugcPost:7087284388949868544,https://www.linkedin.com/in/muhammad-fitran-ramadhan/opportunities/job-opportunities/details?profileUrn=urn%3Ali%3Afsd_profile%3AACoAADwbrqIBfngSSODc7yqnIwxbqFS_Pa-qR0U,View job preferences,https://www.linkedin.com/in/muhammad-fitran-ramadhan/opportunities/job-opportunities/details?profileUrn=urn%3Ali%3Afsd_profile%3AACoAADwbrqIBfngSSODc7yqnIwxbqFS_Pa-qR0U,800,https://media.licdn.com/dms/image/v2/D5635AQF-KHMsuim57g/profile-framedphoto-shrink_800_800/B56Z6mbqfBJQAY-/0/1780908730865?e=1781928000&v=beta&t=wDC7hMvYvznJdYugkU5G9vYVZr-3Q9Kn_hAxKwSfGaY,800,"Looking for On-site or Hybrid or Remote roles in Bandung, Indonesia, Australia, Singapore, Malaysia and Philippines",Muhammad Fitran is open to work,false,false,false,false,false,true,true,false,false,https://www.linkedin.com/posts/muhammad-fitran-ramadhan_opentowork-activity-7087284389507710976-hhBs?,false,true,,post
,,,,,,,,800,https://media.licdn.com/dms/image/v2/D5635AQF-KHMsuim57g/profile-framedphoto-shrink_800_800/B56Z6mbqfBJQAY-/0/1780908730865?e=1781928000&v=beta&t=wDC7hMvYvznJdYugkU5G9vYVZr-3Q9Kn_hAxKwSfGaY,800,ACoAADwbrqIBfngSSODc7yqnIwxbqFS_Pa-qR0U,Mahasiswa Sarjana Jurusan Teknik Komputer di Universitas Telkom,https://www.linkedin.com/in/muhammad-fitran-ramadhan?miniProfileUrn=urn%3Ali%3Afsd_profile%3AACoAADwbrqIBfngSSODc7yqnIwxbqFS_Pa-qR0U,Muhammad Fitran Ramadhan,muhammad-fitran-ramadhan,profile,,1008447138,,,Saya senang sekali karena telah berhasil mendapatkan sertifikasi baru: Memulai Pemrograman Dengan C dari Dicoding Indonesia!,13345120,https://www.linkedin.com/company/dicoding/,Dicoding Indonesia,,18,,,,,,105,,COMPANY_NAME,,,,,,,,,,,,,,,,,,,,,,,,,,,,,,,,,,,,,,,,,,1,7055075047652147200,2,2,LIKE,,,,,,,,,0,7055075048268713985,,,,,,,7055075048268713985,https://www.linkedin.com/posts/muhammad-fitran-ramadhan_saya-senang-sekali-karena-telah-berhasil-activity-7055075048268713985-ghDk,,,,,,,,,,,,,,,,,,,,,,,,,2023-04-21T07:09:28.463Z,3yr,3 years ago • Visible to anyone on or off LinkedIn,1682060968463,1,3bded665-ee7e-4296-af53-f1109efabe79,date,https://www.linkedin.com/in/muhammad-fitran-ramadhan/,,,,,,,https://www.linkedin.com/feed/update/urn:li:ugcPost:7055075047652147200,urn:li:ugcPost:7055075047652147200,,,,,,,,,false,false,false,false,false,true,true,false,false,https://www.linkedin.com/posts/muhammad-fitran-ramadhan_saya-senang-sekali-karena-telah-berhasil-activity-7055075048268713985-ghDk?,false,true,,post
